t_sec,cmd_vx,cmd_wz,meas_speed_tf
0.052,0.000,0.000,0.005
0.100,0.000,0.000,0.187
0.150,0.000,0.000,0.000
0.199,0.000,0.000,0.068
0.249,0.000,0.000,0.000
0.300,0.000,0.000,0.190
0.349,0.000,0.000,0.000
0.400,0.000,0.000,0.407
0.450,0.000,0.000,0.000
0.500,0.000,0.000,0.131
0.550,0.000,0.000,0.000
0.600,0.000,0.000,0.361
0.650,0.000,0.000,0.000
0.700,0.000,0.000,0.454
0.749,0.000,0.000,0.000
0.800,0.000,0.000,0.294
0.850,0.000,0.000,0.000
0.900,0.000,0.000,0.035
0.949,0.000,0.000,0.000
1.000,0.000,0.000,0.025
1.049,0.000,0.000,0.000
1.099,0.000,0.000,0.431
1.150,0.000,0.000,0.000
1.199,0.000,0.000,0.304
1.249,0.000,0.000,0.000
1.300,0.000,0.000,0.326
1.349,0.000,0.000,0.000
1.400,0.000,0.000,0.081
1.449,0.000,0.000,0.000
1.500,0.000,0.000,0.252
1.550,0.000,0.000,0.000
1.600,0.000,0.000,0.137
1.650,0.000,0.000,0.000
1.700,0.000,0.000,0.061
1.750,0.000,0.000,0.000
1.799,0.000,0.000,0.076
1.849,0.000,0.000,0.000
1.900,0.000,0.000,0.070
1.951,0.000,0.000,0.000
2.000,0.000,0.000,0.064
2.049,0.000,0.000,0.000
2.100,0.000,0.000,0.178
2.150,0.000,0.000,0.000
2.200,0.000,0.000,0.080
2.250,0.000,0.000,0.000
2.300,0.000,0.000,0.037
2.350,0.000,0.000,0.000
2.400,0.000,0.000,0.019
2.450,0.000,0.000,0.000
2.500,0.000,0.000,0.044
2.550,0.000,0.000,0.000
2.600,0.000,0.000,0.042
2.650,0.000,0.000,0.000
2.700,0.000,0.000,0.065
2.750,0.000,0.000,0.000
2.800,0.000,0.000,0.053
2.850,0.000,0.000,0.000
2.899,0.000,0.000,0.083
2.949,0.000,0.000,0.000
3.000,0.000,0.000,0.179
3.051,0.000,0.000,0.000
3.100,0.000,0.000,0.107
3.150,0.000,0.000,0.000
3.200,0.000,0.000,0.085
3.250,0.000,0.000,0.000
3.300,0.000,0.000,0.080
3.352,0.000,0.000,0.000
3.399,0.000,0.000,0.121
3.450,0.000,0.000,0.000
3.499,0.000,0.000,0.101
3.552,0.000,0.000,0.000
3.600,0.000,0.000,0.090
3.650,0.000,0.000,0.000
3.700,0.000,0.000,0.119
3.750,0.000,0.000,0.000
3.801,0.000,0.000,0.095
3.850,0.000,0.000,0.000
3.900,0.000,0.000,0.044
3.949,0.000,0.000,0.000
4.000,0.000,0.000,0.071
4.049,0.000,0.000,0.000
4.099,0.000,0.000,0.093
4.150,0.000,0.000,0.000
4.200,0.000,0.000,0.135
4.250,0.000,0.000,0.000
4.300,0.000,0.000,0.111
4.349,0.000,0.000,0.000
4.400,0.000,0.000,0.087
4.449,0.000,0.000,0.000
4.500,0.000,0.000,0.045
4.549,0.000,0.000,0.000
4.600,0.000,0.000,0.024
4.650,0.000,0.000,0.000
4.699,0.000,0.000,0.047
4.749,0.000,0.000,0.000
4.800,0.000,0.000,0.053
4.849,0.000,0.000,0.000
4.899,0.000,0.000,0.085
4.950,0.000,0.000,0.000
5.000,0.000,0.000,0.064
5.050,0.000,0.000,0.000
5.100,0.000,0.000,0.087
5.150,0.000,0.000,0.000
5.200,0.000,0.000,0.017
5.249,0.000,0.000,0.000
5.300,0.000,0.000,0.069
5.350,0.000,0.000,0.000
5.399,0.000,0.000,0.247
5.450,0.000,0.000,0.000
5.500,0.000,0.000,0.204
5.549,0.000,0.000,0.000
5.600,0.000,0.000,0.118
5.649,0.000,0.000,0.000
5.700,0.000,0.000,0.056
5.750,0.000,0.000,0.000
5.799,0.000,0.000,0.158
5.849,0.000,0.000,0.000
5.899,0.000,0.000,0.089
5.949,0.000,0.000,0.000
5.999,0.000,0.000,0.010
6.049,0.000,0.000,0.000
6.099,0.000,0.000,0.034
6.149,0.000,0.000,0.000
6.201,0.000,0.000,0.041
6.250,0.000,0.000,0.000
6.300,0.000,0.000,0.015
6.349,0.000,0.000,0.000
6.400,0.000,0.000,0.077
6.450,0.000,0.000,0.000
6.499,0.000,0.000,0.054
6.549,0.000,0.000,0.000
6.601,0.000,0.000,0.149
6.650,0.000,0.000,0.000
6.700,0.000,0.000,0.157
6.752,0.000,0.000,0.000
6.800,0.000,0.000,0.218
6.850,0.000,0.000,0.000
6.900,0.000,0.000,0.096
6.950,0.000,0.000,0.000
6.999,0.000,0.000,0.112
7.050,0.000,0.000,0.000
7.100,0.000,0.000,0.136
7.150,0.000,0.000,0.000
7.200,0.000,0.000,0.125
7.250,0.000,0.000,0.000
7.299,0.000,0.000,0.128
7.350,0.000,0.000,0.000
7.400,0.000,0.000,0.076
7.449,0.000,0.000,0.000
7.499,0.000,0.000,0.079
7.549,0.000,0.000,0.000
7.600,0.000,0.000,0.064
7.650,0.000,0.000,0.000
7.700,0.000,0.000,0.252
7.750,0.000,0.000,0.000
7.800,0.000,0.000,0.158
7.849,0.000,0.000,0.000
7.900,0.000,0.000,0.025
7.949,0.000,0.000,0.000
8.000,0.000,0.000,0.044
8.049,0.000,0.000,0.000
8.099,0.000,0.000,0.099
8.150,0.000,0.000,0.000
8.199,0.000,0.000,0.070
8.250,0.000,0.000,0.000
8.300,0.000,0.000,0.174
8.349,0.000,0.000,0.000
8.400,0.000,0.000,0.135
8.450,0.000,0.000,0.000
8.500,0.000,0.000,0.121
8.550,0.000,0.000,0.000
8.600,0.000,0.000,0.026
8.649,0.000,0.000,0.000
8.700,0.000,0.000,0.158
8.749,0.000,0.000,0.000
8.800,0.000,0.000,0.153
8.849,0.000,0.000,0.000
8.899,0.000,0.000,0.139
8.949,0.000,0.000,0.000
9.000,0.000,0.000,0.041
9.050,0.000,0.000,0.000
9.100,0.000,0.000,0.023
9.149,0.000,0.000,0.000
9.200,0.000,0.000,0.101
9.250,0.000,0.000,0.000
9.299,0.000,0.000,0.062
9.349,0.000,0.000,0.000
9.399,0.000,0.000,0.068
9.450,0.000,0.000,0.000
9.499,0.000,0.000,0.051
9.549,0.000,0.000,0.000
9.599,0.000,0.000,0.182
9.650,0.000,0.000,0.000
9.700,0.000,0.000,0.061
9.750,0.000,0.000,0.000
9.800,0.000,0.000,0.099
9.849,0.000,0.000,0.000
9.900,0.000,0.000,0.089
9.950,0.000,0.000,0.000
10.000,0.000,0.000,0.051
10.050,0.000,0.000,0.000
10.100,0.000,0.000,0.037
10.150,0.000,0.000,0.000
10.200,0.000,0.000,0.195
10.250,0.000,0.000,0.000
10.300,0.000,0.000,0.103
10.350,0.000,0.000,0.000
10.399,0.000,0.000,0.081
10.450,0.000,0.000,0.000
10.501,0.000,0.000,0.083
10.550,0.000,0.000,0.000
10.600,0.000,0.000,0.153
10.650,0.000,0.000,0.000
10.699,0.000,0.000,0.170
10.749,0.000,0.000,0.000
10.800,0.000,0.000,0.185
10.849,0.000,0.000,0.000
10.900,0.000,0.000,0.170
10.950,0.000,0.000,0.000
10.999,0.000,0.000,0.160
11.049,0.000,0.000,0.000
11.099,0.000,0.000,0.114
11.149,0.000,0.000,0.000
11.200,0.000,0.000,0.054
11.249,0.000,0.000,0.000
11.299,0.000,0.000,0.126
11.349,0.000,0.000,0.000
11.399,0.000,0.000,0.031
11.450,0.000,0.000,0.000
11.500,0.000,0.000,0.212
11.550,0.000,0.000,0.000
11.599,0.000,0.000,0.205
11.650,0.000,0.000,0.000
11.700,0.000,0.000,0.172
11.750,0.000,0.000,0.000
11.800,0.000,0.000,0.102
11.849,0.000,0.000,0.000
11.899,0.000,0.000,0.129
11.949,0.000,0.000,0.000
11.999,0.000,0.000,0.127
12.049,0.000,0.000,0.000
12.099,0.000,0.000,0.221
12.149,0.000,0.000,0.000
12.200,0.000,0.000,0.009
12.250,0.000,0.000,0.000
12.300,0.000,0.000,0.214
12.350,0.000,0.000,0.000
12.399,0.000,0.000,0.187
12.449,0.000,0.000,0.000
12.500,0.000,0.000,0.169
12.550,0.000,0.000,0.000
12.600,0.000,0.000,0.107
12.650,0.000,0.000,0.000
12.700,0.000,0.000,0.058
12.749,0.000,0.000,0.000
12.800,0.000,0.000,0.349
12.849,0.000,0.000,0.000
12.900,0.000,0.000,0.202
12.950,0.000,0.000,0.000
13.000,0.000,0.000,0.132
13.049,0.000,0.000,0.000
13.100,0.000,0.000,0.189
13.150,0.000,0.000,0.000
13.200,0.000,0.000,0.246
13.250,0.000,0.000,0.000
13.300,0.000,0.000,0.078
13.350,0.000,0.000,0.000
13.400,0.000,0.000,0.135
13.452,0.000,0.000,0.000
13.500,0.000,0.000,0.201
13.550,0.000,0.000,0.000
13.601,0.000,0.000,0.103
13.650,0.000,0.000,0.000
13.701,0.000,0.000,0.133
13.751,0.000,0.000,0.000
13.800,0.000,0.000,0.115
13.850,0.000,0.000,0.000
13.900,0.000,0.000,0.020
13.950,0.000,0.000,0.000
14.000,0.000,0.000,0.249
14.049,0.000,0.000,0.000
14.100,0.000,0.000,0.118
14.149,0.000,0.000,0.000
14.200,0.000,0.000,0.081
14.250,0.000,0.000,0.000
14.300,0.000,0.000,0.060
14.350,0.000,0.000,0.000
14.400,0.000,0.000,0.170
14.450,0.000,0.000,0.000
14.500,0.000,0.000,0.104
14.550,0.000,0.000,0.000
14.600,0.000,0.000,0.032
14.649,0.000,0.000,0.000
14.700,0.000,0.000,0.303
14.749,0.000,0.000,0.000
14.800,0.000,0.000,0.141
14.850,0.000,0.000,0.000
14.900,0.000,0.000,0.132
14.950,0.000,0.000,0.000
15.000,0.000,0.000,0.251
15.050,0.000,0.000,0.000
15.100,0.000,0.000,0.236
15.149,0.000,0.000,0.000
15.200,0.000,0.000,0.069
15.249,0.000,0.000,0.000
15.299,0.000,0.000,0.276
15.352,0.000,0.000,0.000
15.399,0.000,0.000,0.307
15.449,0.000,0.000,0.000
15.499,0.000,0.000,0.117
15.550,0.000,0.000,0.000
15.600,0.000,0.000,0.113
15.650,0.000,0.000,0.000
15.700,0.000,0.000,0.276
15.749,0.000,0.000,0.000
15.800,0.000,0.000,0.128
15.850,0.000,0.000,0.000
15.900,0.000,0.000,0.182
15.950,0.000,0.000,0.000
16.000,0.000,0.000,0.173
16.049,0.000,0.000,0.000
16.099,0.000,0.000,0.101
16.150,0.000,0.000,0.000
16.199,0.000,0.000,0.073
16.250,0.000,0.000,0.000
16.299,0.000,0.000,0.087
16.349,0.000,0.000,0.000
16.400,0.000,0.000,0.072
16.450,0.000,0.000,0.000
16.500,0.000,0.000,0.038
16.552,0.000,0.000,0.000
16.600,0.000,0.000,0.023
16.650,0.000,0.000,0.000
16.699,0.000,0.000,0.058
16.750,0.000,0.000,0.000
16.800,0.000,0.000,0.063
16.850,0.000,0.000,0.000
16.900,0.000,0.000,0.091
16.950,0.000,0.000,0.000
17.000,0.000,0.000,0.112
17.050,0.000,0.000,0.000
17.100,0.000,0.000,0.050
17.150,0.000,0.000,0.000
17.200,0.000,0.000,0.016
17.249,0.000,0.000,0.000
17.300,0.000,0.000,0.108
17.349,0.000,0.000,0.000
17.400,0.000,0.000,0.071
17.450,0.000,0.000,0.000
17.499,0.000,0.000,0.073
17.550,0.000,0.000,0.000
17.600,0.000,0.000,0.069
17.649,0.000,0.000,0.000
17.700,0.000,0.000,0.092
17.750,0.000,0.000,0.000
17.800,0.000,0.000,0.023
17.850,0.000,0.000,0.000
17.900,0.000,0.000,0.122
17.950,0.000,0.000,0.000
18.000,0.000,0.000,0.042
18.050,0.000,0.000,0.000
18.099,0.000,0.000,0.131
18.150,0.000,0.000,0.000
18.200,0.000,0.000,0.103
18.249,0.000,0.000,0.000
18.299,0.000,0.000,0.079
18.350,0.000,0.000,0.000
18.400,0.000,0.000,0.022
18.450,0.000,0.000,0.000
18.500,0.000,0.000,0.202
18.550,0.000,0.000,0.000
18.600,0.000,0.000,0.161
18.650,0.000,0.000,0.000
18.700,0.000,0.000,0.103
18.750,0.000,0.000,0.000
18.800,0.000,0.000,0.039
18.850,0.000,0.000,0.000
18.900,0.000,0.000,0.086
18.949,0.000,0.000,0.000
18.999,0.000,0.000,0.058
19.050,0.000,0.000,0.000
19.100,0.000,0.000,0.019
19.149,0.000,0.000,0.000
19.200,0.000,0.000,0.004
19.250,0.000,0.000,0.000
19.300,0.000,0.000,0.055
19.349,0.000,0.000,0.000
19.399,0.000,0.000,0.079
19.449,0.000,0.000,0.000
19.499,0.000,0.000,0.028
19.550,0.000,0.000,0.000
19.600,0.000,0.000,0.075
19.650,0.000,0.000,0.000
19.700,0.000,0.000,0.005
19.750,0.000,0.000,0.000
19.800,0.000,0.000,0.142
19.850,0.000,0.000,0.000
19.900,0.000,0.000,0.164
19.950,0.000,0.000,0.000
20.000,0.000,0.000,0.063
20.050,0.000,0.000,0.000
20.100,0.000,0.000,0.025
20.150,0.000,0.000,0.000
20.200,0.000,0.000,0.220
20.250,0.000,0.000,0.000
20.300,0.000,0.000,0.193
20.350,0.000,0.000,0.000
20.400,0.000,0.000,0.101
20.450,0.000,0.000,0.000
20.500,0.000,0.000,0.057
20.550,0.000,0.000,0.000
20.599,0.000,0.000,0.080
20.650,0.000,0.000,0.031
20.700,0.000,0.000,0.069
20.750,0.000,0.000,0.000
20.800,0.000,0.000,0.023
20.851,0.000,0.000,0.000
20.900,0.000,0.000,0.044
20.950,0.000,0.000,0.000
21.000,0.000,0.000,0.059
21.050,0.000,0.000,0.000
21.100,0.000,0.000,0.022
21.150,0.000,0.000,0.000
21.200,0.000,0.000,0.128
21.250,0.000,0.000,0.000
21.300,0.000,0.000,0.237
21.350,0.000,0.000,0.000
21.400,0.000,0.000,0.086
21.450,0.000,0.000,0.000
21.500,0.000,0.000,0.214
21.550,0.000,0.000,0.000
21.604,0.000,0.000,0.113
21.650,0.000,0.000,0.000
21.706,0.000,0.000,0.035
21.750,0.000,0.000,0.000
21.800,0.000,0.000,0.046
21.850,0.000,0.000,0.000
21.901,0.000,0.000,0.179
21.950,0.000,0.000,0.000
22.000,0.000,0.000,0.136
22.050,0.000,0.000,0.000
22.099,0.000,0.000,0.103
22.150,0.000,0.000,0.000
22.200,0.000,0.000,0.048
22.250,0.000,0.000,0.000
22.300,0.000,0.000,0.052
22.350,0.000,0.000,0.000
22.401,0.000,0.000,0.095
22.449,0.000,0.000,0.000
22.500,0.000,0.000,0.162
22.550,0.000,0.000,0.000
22.600,0.000,0.000,0.138
22.651,0.000,0.000,0.000
22.700,0.000,0.000,0.095
22.750,0.000,0.000,0.000
22.800,0.000,0.000,0.032
22.850,0.000,0.000,0.000
22.900,0.000,0.000,0.053
22.950,0.000,0.000,0.000
23.000,0.000,0.000,0.236
23.051,0.000,0.000,0.000
23.100,0.000,0.000,0.104
23.150,0.000,0.000,0.000
23.200,0.000,0.000,0.062
23.250,0.000,0.000,0.000
23.300,0.000,0.000,0.175
23.350,0.000,0.000,0.000
23.400,0.000,0.000,0.262
23.450,0.000,0.000,0.000
23.500,0.000,0.000,0.092
23.550,0.000,0.000,0.000
23.602,0.000,0.000,0.085
23.650,0.000,0.000,0.000
23.702,0.000,0.000,0.143
23.750,0.000,0.000,0.000
23.800,0.000,0.000,0.237
23.850,0.000,0.000,0.000
23.900,0.000,0.000,0.055
23.950,0.000,0.000,0.000
24.000,0.000,0.000,0.202
24.051,0.000,0.000,0.000
24.100,0.000,0.000,0.060
24.150,0.000,0.000,0.000
24.200,0.000,0.000,0.087
24.250,0.000,0.000,0.000
24.300,0.000,0.000,0.076
24.350,0.000,0.000,0.000
24.400,0.000,0.000,0.190
24.450,0.000,0.000,0.000
24.501,0.000,0.000,0.050
24.550,0.000,0.000,0.000
24.603,0.000,0.000,0.062
24.650,0.000,0.000,0.000
24.702,0.000,0.000,0.241
24.750,0.000,0.000,0.000
24.800,0.000,0.000,0.148
24.850,0.000,0.000,0.000
24.903,0.000,0.000,0.122
24.950,0.000,0.000,0.000
25.000,0.000,0.000,0.099
25.050,0.000,0.000,0.000
25.100,0.000,0.000,0.160
25.150,0.000,0.000,0.000
25.200,0.000,0.000,0.061
25.250,0.000,0.000,0.000
25.300,0.000,0.000,0.110
25.350,0.000,0.000,0.000
25.400,0.000,0.000,0.018
25.450,0.000,0.000,0.000
25.499,0.000,0.000,0.037
25.550,0.000,0.000,0.000
25.600,0.000,0.000,0.107
25.650,0.000,0.000,0.000
25.700,0.000,0.000,0.115
25.750,0.000,0.000,0.000
25.800,0.000,0.000,0.133
25.850,0.000,0.000,0.000
25.901,0.000,0.000,0.184
25.950,0.000,0.000,0.000
26.002,0.000,0.000,0.079
26.050,0.000,0.000,0.000
26.133,0.000,0.000,0.012
26.150,0.000,0.000,0.000
26.200,0.000,0.000,0.228
26.250,0.000,0.000,0.000
26.300,0.000,0.000,0.099
26.350,0.000,0.000,0.000
26.402,0.000,0.000,0.155
26.450,0.000,0.000,0.000
26.500,0.000,0.000,0.052
26.551,0.000,0.000,0.000
26.600,0.000,0.000,0.159
26.650,0.000,0.000,0.000
26.700,0.000,0.000,0.051
26.750,0.000,0.000,0.000
26.800,0.000,0.000,0.124
26.850,0.000,0.000,0.000
26.902,0.000,0.000,0.146
26.950,0.000,0.000,0.000
27.000,0.000,0.000,0.154
27.050,0.000,0.000,0.000
27.100,0.000,0.000,0.092
27.150,0.000,0.000,0.000
27.200,0.000,0.000,0.098
27.250,0.000,0.000,0.000
27.300,0.000,0.000,0.096
27.350,0.000,0.000,0.000
27.400,0.000,0.000,0.041
27.450,0.000,0.000,0.000
27.500,0.000,0.000,0.097
27.550,0.000,0.000,0.000
27.600,0.000,0.000,0.063
27.650,0.000,0.000,0.000
27.700,0.000,0.000,0.020
27.750,0.000,0.000,0.000
27.800,0.000,0.000,0.094
27.850,0.000,0.000,0.000
27.900,0.000,0.000,0.103
27.950,0.000,0.000,0.000
28.000,0.000,0.000,0.016
28.050,0.000,0.000,0.000
28.102,0.000,0.000,0.096
28.150,0.000,0.000,0.000
28.200,0.000,0.000,0.096
28.250,0.000,0.000,0.000
28.300,0.000,0.000,0.138
28.350,0.000,0.000,0.000
28.400,0.000,0.000,0.042
28.450,0.000,0.000,0.000
28.500,0.000,0.000,0.108
28.550,0.000,0.000,0.000
28.600,0.000,0.000,0.332
28.650,0.000,0.000,0.000
28.700,0.000,0.000,0.141
28.750,0.000,0.000,0.000
28.800,0.000,0.000,0.066
28.850,0.000,0.000,0.000
28.902,0.000,0.000,0.129
28.950,0.000,0.000,0.000
29.002,0.000,0.000,0.087
29.049,0.000,0.000,0.000
29.103,0.000,0.000,0.048
29.149,0.000,0.000,0.000
29.200,0.000,0.000,0.070
29.250,0.000,0.000,0.000
29.302,0.000,0.000,0.066
29.349,0.000,0.000,0.000
29.400,0.000,0.000,0.048
29.449,0.000,0.000,0.000
29.500,0.000,0.000,0.202
29.550,0.000,0.000,0.000
29.600,0.000,0.000,0.163
29.651,0.000,0.000,0.000
29.700,0.000,0.000,0.127
29.749,0.000,0.000,0.000
29.800,0.000,0.000,0.229
29.850,0.000,0.000,0.000
29.900,0.000,0.000,0.166
29.950,0.000,0.000,0.000
30.000,0.000,0.000,0.018
30.050,0.000,0.000,0.000
30.100,0.000,0.000,0.055
30.150,0.000,0.000,0.000
30.200,0.000,0.000,0.093
30.250,0.000,0.000,0.000
30.300,0.000,0.000,0.053
30.350,0.000,0.000,0.000
30.400,0.000,0.000,0.048
30.450,0.000,0.000,0.000
30.500,0.000,0.000,0.036
30.552,0.000,0.000,0.000
30.614,0.000,0.000,0.079
30.650,0.000,0.000,0.000
30.700,0.000,0.000,0.066
30.749,0.000,0.000,0.000
30.800,0.000,0.000,0.131
30.850,0.000,0.000,0.000
30.900,0.000,0.000,0.086
30.950,0.000,0.000,0.000
31.000,0.000,0.000,0.035
31.050,0.000,0.000,0.000
31.100,0.000,0.000,0.136
31.150,0.000,0.000,0.000
31.200,0.000,0.000,0.092
31.250,0.000,0.000,0.000
31.300,0.000,0.000,0.092
31.350,0.000,0.000,0.000
31.400,0.000,0.000,0.115
31.450,0.000,0.000,0.000
31.500,0.000,0.000,0.175
31.550,0.000,0.000,0.000
31.600,0.000,0.000,0.015
31.650,0.000,0.000,0.000
31.699,0.000,0.000,0.257
31.749,0.000,0.000,0.000
31.800,0.000,0.000,0.198
31.850,0.000,0.000,0.000
31.903,0.000,0.000,0.144
31.950,0.000,0.000,0.000
32.000,0.000,0.000,0.089
32.049,0.000,0.000,0.000
32.100,0.000,0.000,0.143
32.149,0.000,0.000,0.000
32.200,0.000,0.000,0.087
32.250,0.000,0.000,0.000
32.299,0.000,0.000,0.047
32.349,0.000,0.000,0.000
32.399,0.000,0.000,0.038
32.449,0.000,0.000,0.000
32.500,0.000,0.000,0.075
32.549,0.000,0.000,0.000
32.599,0.000,0.000,0.056
32.650,0.000,0.000,0.000
32.700,0.000,0.000,0.031
32.750,0.000,0.000,0.000
32.800,0.000,0.000,0.059
32.850,0.000,0.000,0.000
32.900,0.000,0.000,0.019
32.950,0.000,0.000,0.000
33.000,0.000,0.000,0.220
33.050,0.000,0.000,0.000
33.100,0.000,0.000,0.146
33.150,0.000,0.000,0.000
33.200,0.000,0.000,0.259
33.250,0.000,0.000,0.000
33.300,0.000,0.000,0.138
33.350,0.000,0.000,0.000
33.400,0.000,0.000,0.049
33.450,0.000,0.000,0.000
33.500,0.000,0.000,0.102
33.550,0.000,0.000,0.000
33.600,0.000,0.000,0.190
33.650,0.000,0.000,0.000
33.700,0.000,0.000,0.047
33.750,0.000,0.000,0.000
33.800,0.000,0.000,0.161
33.850,0.000,0.000,0.000
33.900,0.000,0.000,0.067
33.950,0.000,0.000,0.000
34.000,0.000,0.000,0.077
34.050,0.000,0.000,0.000
34.100,0.000,0.000,0.149
34.150,0.000,0.000,0.000
34.203,0.000,0.000,0.102
34.250,0.000,0.000,0.000
34.306,0.000,0.000,0.038
34.350,0.000,0.000,0.000
34.400,0.000,0.000,0.126
34.450,0.000,0.000,0.000
34.500,0.000,0.000,0.085
34.550,0.000,0.000,0.000
34.603,0.000,0.000,0.074
34.650,0.000,0.000,0.000
34.704,0.000,0.000,0.067
34.750,0.000,0.000,0.034
34.801,0.000,0.000,0.053
34.850,0.000,0.000,0.000
34.900,0.000,0.000,0.086
34.950,0.000,0.000,0.000
35.000,0.000,0.000,0.134
35.050,0.000,0.000,0.000
35.100,0.000,0.000,0.248
35.150,0.000,0.000,0.000
35.200,0.000,0.000,0.175
35.250,0.000,0.000,0.000
35.299,0.000,0.000,0.051
35.350,0.000,0.000,0.000
35.400,0.000,0.000,0.026
35.449,0.000,0.000,0.000
35.500,0.000,0.000,0.112
35.549,0.000,0.000,0.000
35.600,0.000,0.000,0.044
35.650,0.000,0.000,0.000
35.700,0.000,0.000,0.076
35.750,0.000,0.000,0.000
35.800,0.000,0.000,0.094
35.849,0.000,0.000,0.000
35.900,0.000,0.000,0.071
35.949,0.000,0.000,0.000
36.000,0.000,0.000,0.072
36.049,0.000,0.000,0.000
36.099,0.000,0.000,0.030
36.150,0.000,0.000,0.000
36.200,0.000,0.000,0.077
36.250,0.000,0.000,0.000
36.300,0.000,0.000,0.138
36.350,0.000,0.000,0.000
36.399,0.000,0.000,0.233
36.449,0.000,0.000,0.000
36.499,0.000,0.000,0.102
36.550,0.000,0.000,0.000
36.600,0.000,0.000,0.158
36.650,0.000,0.000,0.000
36.700,0.000,0.000,0.161
36.750,0.000,0.000,0.000
36.800,0.000,0.000,0.130
36.850,0.000,0.000,0.000
36.900,0.000,0.000,0.180
36.950,0.000,0.000,0.000
37.000,0.000,0.000,0.302
37.050,0.000,0.000,0.000
37.100,0.000,0.000,0.122
37.150,0.000,0.000,0.000
37.200,0.000,0.000,0.177
37.250,0.000,0.000,0.000
37.300,0.000,0.000,0.118
37.349,0.000,0.000,0.000
37.400,0.000,0.000,0.101
37.450,0.000,0.000,0.000
37.500,0.000,0.000,0.119
37.549,0.000,0.000,0.000
37.600,0.000,0.000,0.022
37.650,0.000,0.000,0.000
37.700,0.000,0.000,0.120
37.750,0.000,0.000,0.000
37.800,0.000,0.000,0.052
37.850,0.000,0.000,0.000
37.900,0.000,0.000,0.064
37.950,0.000,0.000,0.000
38.002,0.000,0.000,0.088
38.050,0.000,0.000,0.041
38.100,0.000,0.000,0.047
38.150,0.000,0.000,0.000
38.199,0.000,0.000,0.019
38.250,0.000,0.000,0.000
38.300,0.000,0.000,0.137
38.350,0.000,0.000,0.000
38.400,0.000,0.000,0.097
38.450,0.000,0.000,0.000
38.499,0.000,0.000,0.086
38.550,0.000,0.000,0.000
38.599,0.000,0.000,0.076
38.649,0.000,0.000,0.000
38.700,0.000,0.000,0.048
38.750,0.000,0.000,0.000
38.800,0.000,0.000,0.053
38.850,0.000,0.000,0.000
38.900,0.000,0.000,0.117
38.950,0.000,0.000,0.000
39.000,0.000,0.000,0.076
39.049,0.000,0.000,0.000
39.100,0.000,0.000,0.049
39.149,0.000,0.000,0.000
39.199,0.000,0.000,0.103
39.250,0.000,0.000,0.000
39.299,0.000,0.000,0.092
39.350,0.000,0.000,0.000
39.400,0.000,0.000,0.166
39.449,0.000,0.000,0.000
39.500,0.000,0.000,0.070
39.550,0.000,0.000,0.000
39.599,0.000,0.000,0.238
39.649,0.000,0.000,0.000
39.699,0.000,0.000,0.138
39.750,0.000,0.000,0.000
39.799,0.000,0.000,0.042
39.850,0.000,0.000,0.000
39.899,0.000,0.000,0.031
39.950,0.000,0.000,0.000
40.000,0.000,0.000,0.101
40.050,0.000,0.000,0.000
40.100,0.000,0.000,0.095
40.150,0.000,0.000,0.000
40.199,0.000,0.000,0.091
40.250,0.000,0.000,0.000
40.300,0.000,0.000,0.031
40.349,0.000,0.000,0.000
40.400,0.000,0.000,0.123
40.450,0.000,0.000,0.000
40.500,0.000,0.000,0.046
40.549,0.000,0.000,0.000
40.599,0.000,0.000,0.017
40.650,0.000,0.000,0.000
40.699,0.000,0.000,0.059
40.750,0.000,0.000,0.000
40.800,0.000,0.000,0.067
40.850,0.000,0.000,0.000
40.900,0.000,0.000,0.073
40.950,0.000,0.000,0.000
41.000,0.000,0.000,0.030
41.049,0.000,0.000,0.000
41.100,0.000,0.000,0.148
41.150,0.000,0.000,0.000
41.200,0.000,0.000,0.049
41.249,0.000,0.000,0.000
41.300,0.000,0.000,0.161
41.350,0.000,0.000,0.000
41.400,0.000,0.000,0.100
41.450,0.000,0.000,0.000
41.500,0.000,0.000,0.075
41.550,0.000,0.000,0.000
41.600,0.000,0.000,0.026
41.650,0.000,0.000,0.000
41.700,0.000,0.000,0.119
41.750,0.000,0.000,0.000
41.801,0.000,0.000,0.056
41.850,0.000,0.000,0.000
41.900,0.000,0.000,0.057
41.949,0.000,0.000,0.000
42.000,0.000,0.000,0.042
42.050,0.000,0.000,0.000
42.100,0.000,0.000,0.099
42.150,0.000,0.000,0.000
42.200,0.000,0.000,0.070
42.267,0.000,0.000,0.000
42.300,0.000,0.000,0.058
42.350,0.000,0.000,0.089
42.401,0.000,0.000,0.124
42.450,0.000,0.000,0.000
42.501,0.000,0.000,0.076
42.550,0.000,0.000,0.000
42.600,0.000,0.000,0.113
42.650,0.000,0.000,0.000
42.700,0.000,0.000,0.120
42.750,0.000,0.000,0.000
42.800,0.000,0.000,0.034
42.849,0.000,0.000,0.000
42.900,0.000,0.000,0.099
42.950,0.000,0.000,0.000
43.000,0.000,0.000,0.196
43.050,0.000,0.000,0.000
43.099,0.000,0.000,0.058
43.150,0.000,0.000,0.000
43.199,0.000,0.000,0.152
43.249,0.000,0.000,0.000
43.300,0.000,0.000,0.133
43.350,0.000,0.000,0.000
43.399,0.000,0.000,0.162
43.449,0.000,0.000,0.000
43.500,0.000,0.000,0.101
43.549,0.000,0.000,0.000
43.599,0.000,0.000,0.070
43.649,0.000,0.000,0.000
43.700,0.000,0.000,0.057
43.750,0.000,0.000,0.000
43.800,0.000,0.000,0.058
43.850,0.000,0.000,0.000
43.900,0.000,0.000,0.019
43.949,0.000,0.000,0.000
44.000,0.000,0.000,0.081
44.050,0.000,0.000,0.000
44.100,0.000,0.000,0.059
44.150,0.000,0.000,0.000
44.200,0.000,0.000,0.038
44.249,0.000,0.000,0.000
44.300,0.000,0.000,0.104
44.349,0.000,0.000,0.000
44.400,0.000,0.000,0.025
44.450,0.000,0.000,0.000
44.500,0.000,0.000,0.137
44.549,0.000,0.000,0.000
44.600,0.000,0.000,0.246
44.650,0.000,0.000,0.000
44.700,0.000,0.000,0.087
44.750,0.000,0.000,0.000
44.800,0.000,0.000,0.146
44.850,0.000,0.000,0.000
44.900,0.000,0.000,0.302
44.950,0.000,0.000,0.000
45.000,0.000,0.000,0.134
45.049,0.000,0.000,0.000
45.100,0.000,0.000,0.161
45.150,0.000,0.000,0.000
45.200,0.000,0.000,0.036
45.250,0.000,0.000,0.000
45.300,0.000,0.000,0.079
45.350,0.000,0.000,0.000
45.412,0.000,0.000,0.034
45.450,0.000,0.000,0.000
45.500,0.000,0.000,0.056
45.550,0.000,0.000,0.000
45.600,0.000,0.000,0.093
45.650,0.000,0.000,0.000
45.702,0.000,0.000,0.085
45.750,0.000,0.000,0.000
45.806,0.000,0.000,0.037
45.850,0.000,0.000,0.000
45.900,0.000,0.000,0.038
45.950,0.000,0.000,0.017
46.000,0.000,0.000,0.076
46.050,0.000,0.000,0.000
46.100,0.000,0.000,0.070
46.150,0.000,0.000,0.000
46.200,0.000,0.000,0.121
46.250,0.000,0.000,0.000
46.300,0.000,0.000,0.032
46.349,0.000,0.000,0.000
46.400,0.000,0.000,0.264
46.449,0.000,0.000,0.000
46.499,0.000,0.000,0.314
46.550,0.000,0.000,0.000
46.600,0.000,0.000,0.095
46.649,0.000,0.000,0.000
46.700,0.000,0.000,0.064
46.749,0.000,0.000,0.000
46.800,0.000,0.000,0.334
46.849,0.000,0.000,0.000
46.900,0.000,0.000,0.168
46.949,0.000,0.000,0.000
47.000,0.000,0.000,0.052
47.049,0.000,0.000,0.000
47.100,0.000,0.000,0.115
47.149,0.000,0.000,0.000
47.200,0.000,0.000,0.452
47.249,0.000,0.000,0.000
47.300,0.000,0.000,0.153
47.349,0.000,0.000,0.000
47.400,0.000,0.000,0.288
47.450,0.000,0.000,0.000
47.499,0.000,0.000,0.203
47.550,0.000,0.000,0.000
47.599,0.000,0.000,0.147
47.649,0.000,0.000,0.000
47.699,0.000,0.000,0.018
47.750,0.000,0.000,0.000
47.800,0.000,0.000,0.100
47.850,0.000,0.000,0.000
47.900,0.000,0.000,0.030
47.950,0.000,0.000,0.000
48.000,0.000,0.000,0.058
48.049,0.000,0.000,0.000
48.100,0.000,0.000,0.111
48.150,0.000,0.000,0.000
48.200,0.000,0.000,0.075
48.250,0.000,0.000,0.000
48.301,0.000,0.000,0.044
48.350,0.000,0.000,0.000
48.400,0.000,0.000,0.049
48.450,0.000,0.000,0.000
48.500,0.000,0.000,0.107
48.550,0.000,0.000,0.000
48.600,0.000,0.000,0.046
48.650,0.000,0.000,0.000
48.700,0.000,0.000,0.191
48.750,0.000,0.000,0.000
48.800,0.000,0.000,0.070
48.850,0.000,0.000,0.000
48.900,0.000,0.000,0.115
48.950,0.000,0.000,0.000
49.000,0.000,0.000,0.000
49.050,0.000,0.000,0.091
49.101,0.000,0.000,0.005
49.150,0.000,0.000,0.000
49.200,0.000,0.000,0.133
49.250,0.000,0.000,0.000
49.300,0.000,0.000,0.154
49.350,0.000,0.000,0.000
49.402,0.000,0.000,0.059
49.452,0.000,0.000,0.000
49.500,0.000,0.000,0.267
49.549,0.000,0.000,0.000
49.599,0.000,0.000,0.063
49.650,0.000,0.000,0.000
49.700,0.000,0.000,0.137
49.750,0.000,0.000,0.000
49.799,0.000,0.000,0.092
49.850,0.000,0.000,0.000
49.900,0.000,0.000,0.103
49.950,0.000,0.000,0.000
50.000,0.000,0.000,0.121
50.050,0.000,0.000,0.000
50.100,0.000,0.000,0.131
50.150,0.000,0.000,0.000
50.200,0.000,0.000,0.032
50.250,0.000,0.000,0.000
50.300,0.000,0.000,0.092
50.350,0.000,0.000,0.000
50.399,0.000,0.000,0.089
50.449,0.000,0.000,0.000
50.499,0.000,0.000,0.010
50.550,0.000,0.000,0.000
50.600,0.000,0.000,0.121
50.649,0.000,0.000,0.000
50.699,0.000,0.000,0.090
50.749,0.000,0.000,0.000
50.800,0.000,0.000,0.082
50.850,0.000,0.000,0.000
50.900,0.000,0.000,0.079
50.949,0.000,0.000,0.000
51.000,0.000,0.000,0.083
51.049,0.000,0.000,0.000
51.100,0.000,0.000,0.092
51.150,0.000,0.000,0.000
51.200,0.000,0.000,0.091
51.249,0.000,0.000,0.000
51.299,0.000,0.000,0.198
51.350,0.000,0.000,0.000
51.400,0.000,0.000,0.050
51.449,0.000,0.000,0.000
51.500,0.000,0.000,0.254
51.550,0.000,0.000,0.000
51.600,0.000,0.000,0.210
51.650,0.000,0.000,0.000
51.700,0.000,0.000,0.068
51.750,0.000,0.000,0.000
51.801,0.000,0.000,0.069
51.849,0.000,0.000,0.000
51.900,0.000,0.000,0.115
51.949,0.000,0.000,0.000
52.000,0.000,0.000,0.064
52.050,0.000,0.000,0.000
52.100,0.000,0.000,0.228
52.150,0.000,0.000,0.000
52.200,0.000,0.000,0.170
52.250,0.000,0.000,0.000
52.300,0.000,0.000,0.159
52.349,0.000,0.000,0.000
52.399,0.000,0.000,0.176
52.450,0.000,0.000,0.000
52.500,0.000,0.000,0.298
52.550,0.000,0.000,0.000
52.600,0.000,0.000,0.168
52.650,0.000,0.000,0.000
52.700,0.000,0.000,0.044
52.752,0.000,0.000,0.000
52.800,0.000,0.000,0.291
52.850,0.000,0.000,0.000
52.900,0.000,0.000,0.323
52.950,0.000,0.000,0.000
53.000,0.000,0.000,0.282
53.051,0.000,0.000,0.000
53.100,0.000,0.000,0.039
53.150,0.000,0.000,0.000
53.200,0.000,0.000,0.242
53.252,0.000,0.000,0.000
53.300,0.000,0.000,0.147
53.350,0.000,0.000,0.000
53.400,0.000,0.000,0.258
53.450,0.000,0.000,0.000
53.500,0.000,0.000,0.164
53.549,0.000,0.000,0.000
53.600,0.000,0.000,0.151
53.650,0.000,0.000,0.000
53.700,0.000,0.000,0.086
53.750,0.000,0.000,0.000
53.800,0.000,0.000,0.067
53.850,0.000,0.000,0.000
53.900,0.000,0.000,0.088
53.950,0.000,0.000,0.000
53.999,0.000,0.000,0.241
54.049,0.000,0.000,0.000
54.100,0.000,0.000,0.060
54.150,0.000,0.000,0.000
54.200,0.000,0.000,0.021
54.249,0.000,0.000,0.000
54.299,0.000,0.000,0.079
54.350,0.000,0.000,0.000
54.402,0.000,0.000,0.136
54.449,0.000,0.000,0.000
54.500,0.000,0.000,0.035
54.549,0.000,0.000,0.000
54.600,0.000,0.000,0.140
54.649,0.000,0.000,0.000
54.702,0.000,0.000,0.038
54.749,0.000,0.000,0.000
54.804,0.000,0.000,0.045
54.850,0.000,0.000,0.000
54.899,0.000,0.000,0.158
54.950,0.000,0.000,0.000
55.000,0.000,0.000,0.083
55.049,0.000,0.000,0.000
55.100,0.000,0.000,0.116
55.150,0.000,0.000,0.000
55.200,0.000,0.000,0.080
55.250,0.000,0.000,0.000
55.300,0.000,0.000,0.078
55.350,0.000,0.000,0.000
55.400,0.000,0.000,0.058
55.450,0.000,0.000,0.000
55.499,0.000,0.000,0.036
55.549,0.000,0.000,0.000
55.599,0.000,0.000,0.050
55.662,0.000,0.000,0.000
55.699,0.000,0.000,0.052
55.749,0.000,0.000,0.000
55.800,0.000,0.000,0.074
55.850,0.000,0.000,0.000
55.899,0.000,0.000,0.119
55.950,0.000,0.000,0.000
55.999,0.000,0.000,0.099
56.050,0.000,0.000,0.000
56.100,0.000,0.000,0.189
56.149,0.000,0.000,0.000
56.200,0.000,0.000,0.117
56.249,0.000,0.000,0.000
56.300,0.000,0.000,0.271
56.350,0.000,0.000,0.000
56.400,0.000,0.000,0.143
56.450,0.000,0.000,0.000
56.500,0.000,0.000,0.042
56.550,0.000,0.000,0.000
56.600,0.000,0.000,0.048
56.650,0.000,0.000,0.000
56.715,0.000,0.000,0.081
56.750,0.000,0.000,0.000
56.799,0.000,0.000,0.068
56.850,0.000,0.000,0.000
56.900,0.000,0.000,0.078
56.950,0.000,0.000,0.000
57.001,0.000,0.000,0.157
57.050,0.000,0.000,0.000
57.100,0.000,0.000,0.013
57.151,0.000,0.000,0.000
57.200,0.000,0.000,0.225
57.250,0.000,0.000,0.000
57.300,0.000,0.000,0.190
57.349,0.000,0.000,0.000
57.400,0.000,0.000,0.177
57.450,0.000,0.000,0.000
57.500,0.000,0.000,0.173
57.549,0.000,0.000,0.000
57.600,0.000,0.000,0.284
57.650,0.000,0.000,0.000
57.700,0.000,0.000,0.234
57.750,0.000,0.000,0.000
57.800,0.000,0.000,0.071
57.849,0.000,0.000,0.000
57.900,0.000,0.000,0.208
57.950,0.000,0.000,0.000
58.000,0.000,0.000,0.337
58.049,0.000,0.000,0.000
58.099,0.000,0.000,0.114
58.150,0.000,0.000,0.000
58.200,0.000,0.000,0.239
58.249,0.000,0.000,0.000
58.299,0.000,0.000,0.204
58.349,0.000,0.000,0.000
58.400,0.000,0.000,0.129
58.449,0.000,0.000,0.000
58.500,0.000,0.000,0.032
58.549,0.000,0.000,0.000
58.600,0.000,0.000,0.082
58.650,0.000,0.000,0.000
58.700,0.000,0.000,0.398
58.750,0.000,0.000,0.000
58.800,0.000,0.000,0.329
58.850,0.000,0.000,0.000
58.900,0.000,0.000,0.182
58.949,0.000,0.000,0.000
59.000,0.000,0.000,0.233
59.050,0.000,0.000,0.000
59.100,0.000,0.000,0.354
59.150,0.000,0.000,0.000
59.200,0.000,0.000,0.257
59.250,0.000,0.000,0.000
59.300,0.000,0.000,0.067
59.350,0.000,0.000,0.000
59.400,0.000,0.000,0.231
59.450,0.000,0.000,0.000
59.500,0.000,0.000,0.350
59.549,0.000,0.000,0.000
59.600,0.000,0.000,0.119
59.650,0.000,0.000,0.000
59.703,0.000,0.000,0.140
59.750,0.000,0.000,0.000
59.799,0.000,0.000,0.095
59.850,0.000,0.000,0.000
59.899,0.000,0.000,0.106
59.950,0.000,0.000,0.000
60.000,0.000,0.000,0.051
60.050,0.000,0.000,0.000
60.100,0.000,0.000,0.146
60.150,0.000,0.000,0.000
60.200,0.000,0.000,0.156
60.251,0.000,0.000,0.000
60.300,0.000,0.000,0.114
60.350,0.000,0.000,0.000
60.400,0.000,0.000,0.217
60.450,0.000,0.000,0.000
60.500,0.000,0.000,0.212
60.550,0.000,0.000,0.000
60.600,0.000,0.000,0.144
60.649,0.000,0.000,0.000
60.699,0.000,0.000,0.026
60.750,0.000,0.000,0.000
60.800,0.000,0.000,0.189
60.849,0.000,0.000,0.000
60.900,0.000,0.000,0.080
60.950,0.000,0.000,0.000
61.000,0.000,0.000,0.189
61.050,0.000,0.000,0.000
61.100,0.000,0.000,0.199
61.149,0.000,0.000,0.000
61.200,0.000,0.000,0.095
61.250,0.000,0.000,0.116
61.300,0.000,0.000,0.077
61.350,0.000,0.000,0.000
61.433,0.000,0.000,0.202
61.454,0.000,0.000,0.000
61.500,0.000,0.000,0.236
61.551,0.000,0.000,0.000
61.599,0.000,0.000,0.199
61.650,0.000,0.000,0.000
61.700,0.000,0.000,0.085
61.750,0.000,0.000,0.000
61.800,0.000,0.000,0.065
61.850,0.000,0.000,0.000
61.901,0.000,0.000,0.015
61.950,0.000,0.000,0.000
62.000,0.000,0.000,0.013
62.049,0.000,0.000,0.000
62.102,0.000,0.000,0.113
62.150,0.000,0.000,0.000
62.200,0.000,0.000,0.154
62.250,0.000,0.000,0.000
62.299,0.000,0.000,0.100
62.350,0.000,0.000,0.000
62.400,0.000,0.000,0.208
62.450,0.000,0.000,0.000
62.501,0.000,0.000,0.269
62.550,0.000,0.000,0.000
62.600,0.000,0.000,0.072
62.650,0.000,0.000,0.000
62.703,0.000,0.000,0.419
62.750,0.000,0.000,0.000
62.801,0.000,0.000,0.247
62.850,0.000,0.000,0.000
62.900,0.000,0.000,0.194
62.950,0.000,0.000,0.000
63.000,0.000,0.000,0.214
63.051,0.000,0.000,0.000
63.100,0.000,0.000,0.254
63.150,0.000,0.000,0.000
63.207,0.000,0.000,0.216
63.250,0.000,0.000,0.000
63.302,0.000,0.000,0.105
63.350,0.000,0.000,0.000
63.400,0.000,0.000,0.164
63.450,0.000,0.000,0.000
63.501,0.000,0.000,0.278
63.550,0.000,0.000,0.000
63.600,0.000,0.000,0.060
63.650,0.000,0.000,0.000
63.700,0.000,0.000,0.110
63.750,0.000,0.000,0.000
63.802,0.000,0.000,0.082
63.850,0.000,0.000,0.000
63.900,0.000,0.000,0.046
63.950,0.000,0.000,0.000
64.000,0.000,0.000,0.100
64.050,0.000,0.000,0.000
64.100,0.000,0.000,0.140
64.150,0.000,0.000,0.000
64.200,0.000,0.000,0.137
64.250,0.000,0.000,0.000
64.300,0.000,0.000,0.136
64.350,0.000,0.000,0.000
64.402,0.000,0.000,0.224
64.450,0.000,0.000,0.000
64.500,0.000,0.000,0.144
64.550,0.000,0.000,0.000
64.600,0.000,0.000,0.250
64.650,0.000,0.000,0.000
64.700,0.000,0.000,0.188
64.750,0.000,0.000,0.000
64.800,0.000,0.000,0.157
64.850,0.000,0.000,0.000
64.901,0.000,0.000,0.420
64.950,0.000,0.000,0.000
65.000,0.000,0.000,0.302
65.050,0.000,0.000,0.000
65.100,0.000,0.000,0.196
65.150,0.000,0.000,0.000
65.202,0.000,0.000,0.125
65.250,0.000,0.000,0.000
65.302,0.000,0.000,0.298
65.350,0.000,0.000,0.000
65.400,0.000,0.000,0.210
65.450,0.000,0.000,0.000
65.500,0.000,0.000,0.096
65.551,0.000,0.000,0.000
65.600,0.000,0.000,0.101
65.650,0.000,0.000,0.000
65.700,0.000,0.000,0.272
65.750,0.000,0.000,0.000
65.800,0.000,0.000,0.155
65.850,0.000,0.000,0.000
65.901,0.000,0.000,0.283
65.950,0.000,0.000,0.000
66.002,0.000,0.000,0.260
66.050,0.000,0.000,0.000
66.100,0.000,0.000,0.222
66.150,0.000,0.000,0.000
66.200,0.000,0.000,0.101
66.250,0.000,0.000,0.000
66.301,0.000,0.000,0.190
66.350,0.000,0.000,0.000
66.400,0.000,0.000,0.172
66.450,0.000,0.000,0.000
66.500,0.000,0.000,0.243
66.550,0.000,0.000,0.000
66.602,0.000,0.000,0.100
66.649,0.000,0.000,0.000
66.700,0.000,0.000,0.036
66.750,0.000,0.000,0.000
66.800,0.000,0.000,0.153
66.850,0.000,0.000,0.000
66.900,0.000,0.000,0.067
66.950,0.000,0.000,0.000
67.000,0.000,0.000,0.063
67.050,0.000,0.000,0.000
67.100,0.000,0.000,0.029
67.150,0.000,0.000,0.000
67.200,0.000,0.000,0.071
67.250,0.000,0.000,0.000
67.300,0.000,0.000,0.108
67.350,0.000,0.000,0.000
67.400,0.000,0.000,0.164
67.450,0.000,0.000,0.000
67.500,0.000,0.000,0.328
67.550,0.000,0.000,0.000
67.600,0.000,0.000,0.206
67.650,0.000,0.000,0.000
67.700,0.000,0.000,0.258
67.750,0.000,0.000,0.000
67.800,0.000,0.000,0.130
67.850,0.000,0.000,0.000
67.900,0.000,0.000,0.167
67.950,0.000,0.000,0.000
68.000,0.000,0.000,0.174
68.049,0.000,0.000,0.000
68.100,0.000,0.000,0.234
68.149,0.000,0.000,0.000
68.200,0.000,0.000,0.405
68.250,0.000,0.000,0.000
68.304,0.000,0.000,0.220
68.350,0.000,0.000,0.000
68.402,0.000,0.000,0.211
68.450,0.000,0.000,0.000
68.500,0.000,0.000,0.211
68.550,0.000,0.000,0.000
68.600,0.000,0.000,0.225
68.650,0.000,0.000,0.000
68.700,0.000,0.000,0.076
68.750,0.000,0.000,0.000
68.800,0.000,0.000,0.029
68.850,0.000,0.000,0.000
68.899,0.000,0.000,0.164
68.950,0.000,0.000,0.000
68.999,0.000,0.000,0.175
69.050,0.000,0.000,0.000
69.100,0.000,0.000,0.107
69.150,0.000,0.000,0.000
69.219,0.000,0.000,0.073
69.250,0.000,0.000,0.000
69.299,0.000,0.000,0.332
69.350,0.000,0.000,0.000
69.402,0.000,0.000,0.256
69.450,0.000,0.000,0.000
69.500,0.000,0.000,0.157
69.550,0.000,0.000,0.000
69.600,0.000,0.000,0.070
69.651,0.000,0.000,0.000
69.702,0.000,0.000,0.344
69.750,0.000,0.000,0.000
69.816,0.000,0.000,0.017
69.849,0.000,0.000,0.274
69.900,0.000,0.000,0.117
69.949,0.000,0.000,0.000
70.000,0.000,0.000,0.030
70.050,0.000,0.000,0.000
70.100,0.000,0.000,0.125
70.150,0.000,0.000,0.000
70.199,0.000,0.000,0.024
70.249,0.000,0.000,0.000
70.300,0.000,0.000,0.053
70.350,0.000,0.000,0.000
70.400,0.000,0.000,0.046
70.449,0.000,0.000,0.000
70.500,0.000,0.000,0.054
70.550,0.000,0.000,0.000
70.600,0.000,0.000,0.131
70.650,0.000,0.000,0.000
70.699,0.000,0.000,0.223
70.750,0.000,0.000,0.000
70.800,0.000,0.000,0.145
70.850,0.000,0.000,0.000
70.900,0.000,0.000,0.083
70.950,0.000,0.000,0.000
71.000,0.000,0.000,0.134
71.050,0.000,0.000,0.000
71.100,0.000,0.000,0.016
71.150,0.000,0.000,0.000
71.200,0.000,0.000,0.070
71.250,0.000,0.000,0.000
71.300,0.000,0.000,0.075
71.350,0.000,0.000,0.000
71.430,0.000,0.000,0.080
71.450,0.000,0.000,0.080
71.500,0.000,0.000,0.136
71.550,0.000,0.000,0.000
71.600,0.000,0.000,0.098
71.649,0.000,0.000,0.000
71.700,0.000,0.000,0.078
71.750,0.000,0.000,0.000
71.799,0.000,0.000,0.132
71.850,0.000,0.000,0.000
71.900,0.000,0.000,0.083
71.949,0.000,0.000,0.000
72.000,0.000,0.000,0.083
72.049,0.000,0.000,0.000
72.100,0.000,0.000,0.056
72.150,0.000,0.000,0.000
72.200,0.000,0.000,0.039
72.250,0.000,0.000,0.000
72.300,0.000,0.000,0.175
72.350,0.000,0.000,0.000
72.405,0.000,0.000,0.211
72.449,0.000,0.000,0.000
72.500,0.000,0.000,0.114
72.549,0.000,0.000,0.000
72.603,0.000,0.000,0.102
72.650,0.000,0.000,0.000
72.700,0.000,0.000,0.216
72.750,0.000,0.000,0.000
72.799,0.000,0.000,0.095
72.850,0.000,0.000,0.000
72.900,0.000,0.000,0.059
72.949,0.000,0.000,0.000
73.000,0.000,0.000,0.088
73.049,0.000,0.000,0.000
73.099,0.000,0.000,0.131
73.150,0.000,0.000,0.000
73.199,0.000,0.000,0.166
73.249,0.000,0.000,0.000
73.300,0.000,0.000,0.102
73.350,0.000,0.000,0.000
73.400,0.000,0.000,0.194
73.450,0.000,0.000,0.000
73.500,0.000,0.000,0.081
73.549,0.000,0.000,0.000
73.599,0.000,0.000,0.178
73.649,0.000,0.000,0.000
73.700,0.000,0.000,0.126
73.750,0.000,0.000,0.000
73.800,0.000,0.000,0.118
73.850,0.000,0.000,0.000
73.899,0.000,0.000,0.055
73.950,0.000,0.000,0.000
74.000,0.000,0.000,0.148
74.050,0.000,0.000,0.000
74.100,0.000,0.000,0.061
74.149,0.000,0.000,0.000
74.200,0.000,0.000,0.195
74.250,0.000,0.000,0.000
74.300,0.000,0.000,0.246
74.350,0.000,0.000,0.000
74.399,0.000,0.000,0.113
74.450,0.000,0.000,0.000
74.501,0.000,0.000,0.130
74.550,0.000,0.000,0.000
74.602,0.000,0.000,0.272
74.650,0.000,0.000,0.000
74.700,0.000,0.000,0.161
74.749,0.000,0.000,0.000
74.799,0.000,0.000,0.264
74.849,0.000,0.000,0.000
74.900,0.000,0.000,0.159
74.950,0.000,0.000,0.000
75.000,0.000,0.000,0.123
75.050,0.000,0.000,0.000
75.100,0.000,0.000,0.216
75.149,0.000,0.000,0.000
75.200,0.000,0.000,0.091
75.250,0.000,0.000,0.000
75.300,0.000,0.000,0.087
75.350,0.000,0.000,0.000
75.400,0.000,0.000,0.039
75.450,0.000,0.000,0.000
75.500,0.000,0.000,0.139
75.550,0.000,0.000,0.000
75.602,0.000,0.000,0.137
75.651,0.000,0.000,0.000
75.700,0.000,0.000,0.246
75.749,0.000,0.000,0.000
75.802,0.000,0.000,0.128
75.850,0.000,0.000,0.000
75.900,0.000,0.000,0.270
75.950,0.000,0.000,0.000
76.000,0.000,0.000,0.140
76.050,0.000,0.000,0.000
76.100,0.000,0.000,0.142
76.150,0.000,0.000,0.000
76.200,0.000,0.000,0.110
76.250,0.000,0.000,0.000
76.299,0.000,0.000,0.211
76.350,0.000,0.000,0.000
76.400,0.000,0.000,0.144
76.450,0.000,0.000,0.000
76.499,0.000,0.000,0.076
76.550,0.000,0.000,0.000
76.599,0.000,0.000,0.014
76.650,0.000,0.000,0.000
76.700,0.000,0.000,0.127
76.750,0.000,0.000,0.000
76.800,0.000,0.000,0.063
76.849,0.000,0.000,0.000
76.900,0.000,0.000,0.043
76.950,0.000,0.000,0.000
77.000,0.000,0.000,0.066
77.050,0.000,0.000,0.000
77.100,0.000,0.000,0.056
77.150,0.000,0.000,0.000
77.200,0.000,0.000,0.093
77.249,0.000,0.000,0.000
77.300,0.000,0.000,0.222
77.349,0.000,0.000,0.000
77.400,0.000,0.000,0.108
77.450,0.000,0.000,0.000
77.499,0.000,0.000,0.064
77.550,0.000,0.000,0.000
77.600,0.000,0.000,0.316
77.650,0.000,0.000,0.000
77.700,0.000,0.000,0.154
77.750,0.000,0.000,0.000
77.800,0.000,0.000,0.169
77.850,0.000,0.000,0.000
77.900,0.000,0.000,0.091
77.950,0.000,0.000,0.000
78.000,0.000,0.000,0.222
78.049,0.000,0.000,0.000
78.100,0.000,0.000,0.167
78.150,0.000,0.000,0.000
78.200,0.000,0.000,0.155
78.249,0.000,0.000,0.000
78.300,0.000,0.000,0.111
78.349,0.000,0.000,0.000
78.402,0.000,0.000,0.135
78.450,0.000,0.000,0.000
78.500,0.000,0.000,0.124
78.550,0.000,0.000,0.000
78.600,0.000,0.000,0.142
78.650,0.000,0.000,0.000
78.700,0.000,0.000,0.076
78.750,0.000,0.000,0.000
78.800,0.000,0.000,0.046
78.850,0.000,0.000,0.000
78.900,0.000,0.000,0.081
78.949,0.000,0.000,0.000
78.999,0.000,0.000,0.088
79.050,0.000,0.000,0.000
79.100,0.000,0.000,0.072
79.150,0.000,0.000,0.000
79.200,0.000,0.000,0.184
79.251,0.000,0.000,0.000
79.300,0.000,0.000,0.094
79.350,0.000,0.000,0.000
79.400,0.000,0.000,0.108
79.450,0.000,0.000,0.000
79.499,0.000,0.000,0.152
79.550,0.000,0.000,0.000
79.599,0.000,0.000,0.024
79.650,0.000,0.000,0.000
79.700,0.000,0.000,0.054
79.749,0.000,0.000,0.000
79.800,0.000,0.000,0.023
79.850,0.000,0.000,0.000
79.900,0.000,0.000,0.082
79.949,0.000,0.000,0.000
79.999,0.000,0.000,0.091
80.050,0.000,0.000,0.000
80.099,0.000,0.000,0.111
80.149,0.000,0.000,0.000
80.199,0.000,0.000,0.094
80.249,0.000,0.000,0.000
80.299,0.000,0.000,0.323
80.349,0.000,0.000,0.000
80.399,0.000,0.000,0.197
80.450,0.000,0.000,0.000
80.500,0.000,0.000,0.116
80.549,0.000,0.000,0.000
80.599,0.000,0.000,0.200
80.649,0.000,0.000,0.000
80.700,0.000,0.000,0.244
80.749,0.000,0.000,0.000
80.800,0.000,0.000,0.314
80.849,0.000,0.000,0.000
80.899,0.000,0.000,0.189
80.949,0.000,0.000,0.000
81.000,0.000,0.000,0.251
81.049,0.000,0.000,0.000
81.100,0.000,0.000,0.261
81.149,0.000,0.000,0.000
81.202,0.000,0.000,0.305
81.250,0.000,0.000,0.000
81.300,0.000,0.000,0.211
81.350,0.000,0.000,0.000
81.400,0.000,0.000,0.048
81.450,0.000,0.000,0.000
81.500,0.000,0.000,0.120
81.550,0.000,0.000,0.000
81.600,0.000,0.000,0.325
81.650,0.000,0.000,0.000
81.700,0.000,0.000,0.292
81.750,0.000,0.000,0.000
81.800,0.000,0.000,0.126
81.849,0.000,0.000,0.000
81.902,0.000,0.000,0.037
81.949,0.000,0.000,0.000
82.000,0.000,0.000,0.275
82.050,0.000,0.000,0.000
82.101,0.000,0.000,0.148
82.150,0.000,0.000,0.000
82.200,0.000,0.000,0.036
82.250,0.000,0.000,0.020
82.300,0.000,0.000,0.027
82.350,0.000,0.000,0.000
82.399,0.000,0.000,0.100
82.450,0.000,0.000,0.000
82.500,0.000,0.000,0.156
82.550,0.000,0.000,0.000
82.602,0.000,0.000,0.278
82.650,0.000,0.000,0.000
82.700,0.000,0.000,0.205
82.749,0.000,0.000,0.000
82.800,0.000,0.000,0.164
82.850,0.000,0.000,0.000
82.900,0.000,0.000,0.152
82.950,0.000,0.000,0.000
82.999,0.000,0.000,0.122
83.049,0.000,0.000,0.000
83.100,0.000,0.000,0.302
83.150,0.000,0.000,0.000
83.200,0.000,0.000,0.266
83.249,0.000,0.000,0.000
83.300,0.000,0.000,0.224
83.350,0.000,0.000,0.000
83.400,0.000,0.000,0.179
83.450,0.000,0.000,0.000
83.500,0.000,0.000,0.162
83.549,0.000,0.000,0.000
83.600,0.000,0.000,0.158
83.649,0.000,0.000,0.000
83.700,0.000,0.000,0.216
83.749,0.000,0.000,0.000
83.800,0.000,0.000,0.255
83.850,0.000,0.000,0.000
83.899,0.000,0.000,0.267
83.949,0.000,0.000,0.000
84.000,0.000,0.000,0.088
84.049,0.000,0.000,0.000
84.100,0.000,0.000,0.245
84.150,0.000,0.000,0.000
84.199,0.000,0.000,0.349
84.249,0.000,0.000,0.000
84.299,0.000,0.000,0.310
84.350,0.000,0.000,0.000
84.400,0.000,0.000,0.027
84.449,0.000,0.000,0.000
84.500,0.000,0.000,0.048
84.549,0.000,0.000,0.000
84.600,0.000,0.000,0.113
84.650,0.000,0.000,0.000
84.700,0.000,0.000,0.105
84.750,0.000,0.000,0.000
84.800,0.000,0.000,0.106
84.849,0.000,0.000,0.000
84.900,0.000,0.000,0.103
84.950,0.000,0.000,0.000
85.000,0.000,0.000,0.089
85.050,0.000,0.000,0.000
85.100,0.000,0.000,0.087
85.150,0.000,0.000,0.000
85.200,0.000,0.000,0.059
85.250,0.000,0.000,0.000
85.300,0.000,0.000,0.090
85.349,0.000,0.000,0.000
85.400,0.000,0.000,0.064
85.450,0.000,0.000,0.000
85.500,0.000,0.000,0.074
85.549,0.000,0.000,0.000
85.600,0.000,0.000,0.080
85.650,0.000,0.000,0.000
85.700,0.000,0.000,0.197
85.750,0.000,0.000,0.000
85.800,0.000,0.000,0.105
85.850,0.000,0.000,0.000
85.901,0.000,0.000,0.068
85.950,0.000,0.000,0.000
86.000,0.000,0.000,0.056
86.050,0.000,0.000,0.000
86.101,0.000,0.000,0.110
86.150,0.000,0.000,0.000
86.200,0.000,0.000,0.172
86.253,0.000,0.000,0.000
86.299,0.000,0.000,0.214
86.350,0.000,0.000,0.048
86.400,0.000,0.000,0.241
86.450,0.000,0.000,0.000
86.500,0.000,0.000,0.112
86.550,0.000,0.000,0.000
86.600,0.000,0.000,0.075
86.650,0.000,0.000,0.000
86.700,0.000,0.000,0.134
86.749,0.000,0.000,0.000
86.800,0.000,0.000,0.133
86.849,0.000,0.000,0.000
86.900,0.000,0.000,0.157
86.950,0.000,0.000,0.000
87.000,0.000,0.000,0.149
87.049,0.000,0.000,0.000
87.100,0.000,0.000,0.213
87.150,0.000,0.000,0.000
87.199,0.000,0.000,0.081
87.250,0.000,0.000,0.000
87.301,0.000,0.000,0.080
87.349,0.000,0.000,0.000
87.400,0.000,0.000,0.071
87.449,0.000,0.000,0.000
87.500,0.000,0.000,0.041
87.550,0.000,0.000,0.000
87.600,0.000,0.000,0.168
87.650,0.000,0.000,0.000
87.700,0.000,0.000,0.065
87.749,0.000,0.000,0.000
87.800,0.000,0.000,0.263
87.849,0.000,0.000,0.000
87.900,0.000,0.000,0.233
87.949,0.000,0.000,0.000
88.000,0.000,0.000,0.320
88.049,0.000,0.000,0.000
88.099,0.000,0.000,0.195
88.149,0.000,0.000,0.000
88.199,0.000,0.000,0.139
88.249,0.000,0.000,0.000
88.301,0.000,0.000,0.087
88.349,0.000,0.000,0.000
88.399,0.000,0.000,0.061
88.449,0.000,0.000,0.000
88.500,0.000,0.000,0.095
88.550,0.000,0.000,0.000
88.600,0.000,0.000,0.104
88.650,0.000,0.000,0.000
88.700,0.000,0.000,0.016
88.750,0.000,0.000,0.000
88.800,0.000,0.000,0.044
88.850,0.000,0.000,0.000
88.900,0.000,0.000,0.042
88.950,0.000,0.000,0.000
89.000,0.000,0.000,0.085
89.050,0.000,0.000,0.000
89.100,0.000,0.000,0.317
89.149,0.000,0.000,0.000
89.200,0.000,0.000,0.273
89.250,0.000,0.000,0.000
89.300,0.000,0.000,0.090
89.350,0.000,0.000,0.000
89.400,0.000,0.000,0.031
89.449,0.000,0.000,0.000
89.500,0.000,0.000,0.375
89.551,0.000,0.000,0.000
89.600,0.000,0.000,0.234
89.650,0.000,0.000,0.000
89.699,0.000,0.000,0.096
89.750,0.000,0.000,0.000
89.801,0.000,0.000,0.065
89.850,0.000,0.000,0.000
89.900,0.000,0.000,0.051
89.951,0.000,0.000,0.000
90.002,0.000,0.000,0.059
90.052,0.000,0.000,0.000
90.100,0.000,0.000,0.059
90.150,0.000,0.000,0.027
90.200,0.000,0.000,0.033
90.250,0.000,0.000,0.000
90.300,0.000,0.000,0.086
90.350,0.000,0.000,0.000
90.400,0.000,0.000,0.194
90.450,0.000,0.000,0.000
90.500,0.000,0.000,0.315
90.550,0.000,0.000,0.000
90.600,0.000,0.000,0.140
90.650,0.000,0.000,0.000
90.700,0.000,0.000,0.117
90.750,0.000,0.000,0.000
90.800,0.000,0.000,0.366
90.849,0.000,0.000,0.000
90.900,0.000,0.000,0.178
90.949,0.000,0.000,0.000
91.000,0.000,0.000,0.149
91.050,0.000,0.000,0.000
91.102,0.000,0.000,0.078
91.150,0.000,0.000,0.000
91.200,0.000,0.000,0.064
91.250,0.000,0.000,0.000
91.300,0.000,0.000,0.063
91.350,0.000,0.000,0.000
91.400,0.000,0.000,0.044
91.450,0.000,0.000,0.000
91.500,0.000,0.000,0.011
91.549,0.000,0.000,0.000
91.600,0.000,0.000,0.073
91.650,0.000,0.000,0.000
91.700,0.000,0.000,0.078
91.750,0.000,0.000,0.000
91.800,0.000,0.000,0.149
91.850,0.000,0.000,0.000
91.900,0.000,0.000,0.110
91.950,0.000,0.000,0.000
92.000,0.000,0.000,0.055
92.050,0.000,0.000,0.000
92.101,0.000,0.000,0.013
92.150,0.000,0.000,0.000
92.200,0.000,0.000,0.065
92.250,0.000,0.000,0.000
92.300,0.000,0.000,0.027
92.350,0.000,0.000,0.000
92.400,0.000,0.000,0.182
92.450,0.000,0.000,0.000
92.500,0.000,0.000,0.207
92.550,0.000,0.000,0.000
92.600,0.000,0.000,0.163
92.650,0.000,0.000,0.000
92.700,0.000,0.000,0.172
92.750,0.000,0.000,0.000
92.800,0.000,0.000,0.155
92.850,0.000,0.000,0.000
92.900,0.000,0.000,0.211
92.950,0.000,0.000,0.000
93.000,0.000,0.000,0.142
93.050,0.000,0.000,0.000
93.100,0.000,0.000,0.072
93.150,0.000,0.000,0.000
93.200,0.000,0.000,0.059
93.250,0.000,0.000,0.000
93.302,0.000,0.000,0.040
93.350,0.000,0.000,0.000
93.400,0.000,0.000,0.057
93.450,0.000,0.000,0.000
93.500,0.000,0.000,0.083
93.550,0.000,0.000,0.000
93.600,0.000,0.000,0.166
93.652,0.000,0.000,0.000
93.700,0.000,0.000,0.401
93.749,0.000,0.000,0.000
93.802,0.000,0.000,0.182
93.850,0.000,0.000,0.000
93.900,0.000,0.000,0.208
93.950,0.000,0.000,0.000
94.000,0.000,0.000,0.107
94.050,0.000,0.000,0.000
94.100,0.000,0.000,0.086
94.150,0.000,0.000,0.000
94.200,0.000,0.000,0.072
94.250,0.000,0.000,0.000
94.300,0.000,0.000,0.212
94.350,0.000,0.000,0.000
94.400,0.000,0.000,0.101
94.450,0.000,0.000,0.000
94.500,0.000,0.000,0.016
94.550,0.000,0.000,0.000
94.600,0.000,0.000,0.093
94.649,0.000,0.000,0.000
94.699,0.000,0.000,0.058
94.749,0.000,0.000,0.000
94.800,0.000,0.000,0.027
94.849,0.000,0.000,0.000
94.900,0.000,0.000,0.110
94.950,0.000,0.000,0.000
95.000,0.000,0.000,0.253
95.049,0.000,0.000,0.000
95.100,0.000,0.000,0.116
95.149,0.000,0.000,0.000
95.199,0.000,0.000,0.119
95.249,0.000,0.000,0.000
95.300,0.000,0.000,0.237
95.350,0.000,0.000,0.000
95.400,0.000,0.000,0.212
95.450,0.000,0.000,0.000
95.500,0.000,0.000,0.179
95.549,0.000,0.000,0.000
95.600,0.000,0.000,0.177
95.649,0.000,0.000,0.000
95.700,0.000,0.000,0.286
95.750,0.000,0.000,0.000
95.800,0.000,0.000,0.239
95.849,0.000,0.000,0.000
95.899,0.000,0.000,0.156
95.949,0.000,0.000,0.000
96.000,0.000,0.000,0.068
96.050,0.000,0.000,0.000
96.100,0.000,0.000,0.166
96.150,0.000,0.000,0.000
96.200,0.000,0.000,0.121
96.250,0.000,0.000,0.000
96.300,0.000,0.000,0.097
96.350,0.000,0.000,0.000
96.399,0.000,0.000,0.047
96.450,0.000,0.000,0.000
96.499,0.000,0.000,0.046
96.550,0.000,0.000,0.000
96.602,0.000,0.000,0.054
96.650,0.000,0.000,0.000
96.700,0.000,0.000,0.098
96.750,0.000,0.000,0.000
96.800,0.000,0.000,0.078
96.850,0.000,0.000,0.000
96.905,0.000,0.000,0.058
96.950,0.000,0.000,0.000
97.000,0.000,0.000,0.216
97.050,0.000,0.000,0.000
97.099,0.000,0.000,0.270
97.152,0.000,0.000,0.000
97.200,0.000,0.000,0.150
97.250,0.000,0.000,0.000
97.300,0.000,0.000,0.088
97.349,0.000,0.000,0.000
97.400,0.000,0.000,0.245
97.449,0.000,0.000,0.000
97.500,0.000,0.000,0.102
97.550,0.000,0.000,0.000
97.600,0.000,0.000,0.384
97.650,0.000,0.000,0.000
97.700,0.000,0.000,0.192
97.750,0.000,0.000,0.000
97.800,0.000,0.000,0.055
97.850,0.000,0.000,0.000
97.900,0.000,0.000,0.087
97.950,0.000,0.000,0.000
98.000,0.000,0.000,0.092
98.050,0.000,0.000,0.000
98.100,0.000,0.000,0.553
98.150,0.000,0.000,0.000
98.201,0.000,0.000,0.114
98.250,0.000,0.000,0.000
98.300,0.000,0.000,0.040
98.350,0.000,0.000,0.000
98.400,0.000,0.000,0.326
98.449,0.000,0.000,0.000
98.501,0.000,0.000,0.314
98.550,0.000,0.000,0.000
98.600,0.000,0.000,0.250
98.650,0.000,0.000,0.000
98.700,0.000,0.000,0.059
98.750,0.000,0.000,0.000
98.800,0.000,0.000,0.236
98.850,0.000,0.000,0.000
98.900,0.000,0.000,0.241
98.950,0.000,0.000,0.000
99.001,0.000,0.000,0.262
99.050,0.000,0.000,0.000
99.100,0.000,0.000,0.194
99.150,0.000,0.000,0.000
99.200,0.000,0.000,0.121
99.250,0.000,0.000,0.000
99.321,0.000,0.000,0.382
99.350,0.000,0.000,0.000
99.400,0.000,0.000,0.312
99.450,0.000,0.000,0.000
99.501,0.000,0.000,0.211
99.550,0.000,0.000,0.000
99.600,0.000,0.000,0.211
99.650,0.000,0.000,0.000
99.700,0.000,0.000,0.144
99.750,0.000,0.000,0.000
99.801,0.000,0.000,0.158
99.850,0.000,0.000,0.000
99.900,0.000,0.000,0.389
99.950,0.000,0.000,0.000
100.000,0.000,0.000,0.291
100.050,0.000,0.000,0.000
100.099,0.000,0.000,0.116
100.150,0.000,0.000,0.000
100.200,0.000,0.000,0.035
100.250,0.000,0.000,0.000
100.300,0.000,0.000,0.247
100.350,0.000,0.000,0.000
100.400,0.000,0.000,0.171
100.450,0.000,0.000,0.000
100.500,0.000,0.000,0.138
100.550,0.000,0.000,0.000
100.600,0.000,0.000,0.144
100.650,0.000,0.000,0.000
100.700,0.000,0.000,0.154
100.750,0.000,0.000,0.000
100.800,0.000,0.000,0.150
100.850,0.000,0.000,0.000
100.900,0.000,0.000,0.261
100.950,0.000,0.000,0.000
101.005,0.000,0.000,0.085
101.050,0.000,0.000,0.000
101.100,0.000,0.000,0.055
101.150,0.000,0.000,0.000
101.200,0.000,0.000,0.148
101.250,0.000,0.000,0.000
101.300,0.000,0.000,0.194
101.350,0.000,0.000,0.000
101.400,0.000,0.000,0.167
101.450,0.000,0.000,0.000
101.500,0.000,0.000,0.203
101.550,0.000,0.000,0.000
101.600,0.000,0.000,0.049
101.650,0.000,0.000,0.000
101.701,0.000,0.000,0.166
101.750,0.000,0.000,0.000
101.800,0.000,0.000,0.309
101.850,0.000,0.000,0.000
101.900,0.000,0.000,0.145
101.950,0.000,0.000,0.000
102.001,0.000,0.000,0.145
102.050,0.000,0.000,0.000
102.100,0.000,0.000,0.107
102.150,0.000,0.000,0.000
102.202,0.000,0.000,0.073
102.250,0.000,0.000,0.000
102.300,0.000,0.000,0.134
102.350,0.000,0.000,0.000
102.401,0.000,0.000,0.103
102.451,0.000,0.000,0.000
102.500,0.000,0.000,0.086
102.552,0.000,0.000,0.000
102.600,0.000,0.000,0.190
102.650,0.000,0.000,0.000
102.701,0.000,0.000,0.098
102.750,0.000,0.000,0.000
102.803,0.000,0.000,0.052
102.850,0.000,0.000,0.000
102.900,0.000,0.000,0.122
102.950,0.000,0.000,0.000
103.006,0.000,0.000,0.079
103.050,0.000,0.000,0.000
103.100,0.000,0.000,0.205
103.150,0.000,0.000,0.000
103.200,0.000,0.000,0.319
103.250,0.000,0.000,0.000
103.300,0.000,0.000,0.243
103.350,0.000,0.000,0.000
103.400,0.000,0.000,0.182
103.451,0.000,0.000,0.000
103.500,0.000,0.000,0.200
103.550,0.000,0.000,0.000
103.601,0.000,0.000,0.140
103.650,0.000,0.000,0.000
103.700,0.000,0.000,0.037
103.750,0.000,0.000,0.000
103.802,0.000,0.000,0.077
103.850,0.000,0.000,0.000
103.900,0.000,0.000,0.258
103.950,0.000,0.000,0.000
104.003,0.000,0.000,0.243
104.050,0.000,0.000,0.000
104.134,0.000,0.000,0.138
104.150,0.000,0.000,0.000
104.203,0.000,0.000,0.305
104.250,0.000,0.000,0.000
104.300,0.000,0.000,0.405
104.350,0.000,0.000,0.000
104.400,0.000,0.000,0.358
104.450,0.000,0.000,0.000
104.500,0.000,0.000,0.150
104.550,0.000,0.000,0.000
104.602,0.000,0.000,0.085
104.650,0.000,0.000,0.000
104.701,0.000,0.000,0.124
104.750,0.000,0.000,0.000
104.800,0.000,0.000,0.342
104.850,0.000,0.000,0.000
104.900,0.000,0.000,0.256
104.950,0.000,0.000,0.000
105.000,0.000,0.000,0.136
105.050,0.000,0.000,0.000
105.100,0.000,0.000,0.041
105.171,0.000,0.000,0.000
105.203,0.000,0.000,0.395
105.250,0.000,0.000,0.000
105.300,0.000,0.000,0.269
105.350,0.000,0.000,0.000
105.400,0.000,0.000,0.152
105.450,0.000,0.000,0.000
105.500,0.000,0.000,0.114
105.550,0.000,0.000,0.000
105.600,0.000,0.000,0.162
105.650,0.000,0.000,0.000
105.699,0.000,0.000,0.028
105.750,0.000,0.000,0.000
105.800,0.000,0.000,0.055
105.851,0.000,0.000,0.000
105.900,0.000,0.000,0.035
105.950,0.000,0.000,0.000
106.000,0.000,0.000,0.056
106.050,0.000,0.000,0.000
106.100,0.000,0.000,0.163
106.150,0.000,0.000,0.000
106.200,0.000,0.000,0.104
106.250,0.000,0.000,0.000
106.300,0.000,0.000,0.115
106.350,0.000,0.000,0.000
106.400,0.000,0.000,0.068
106.450,0.000,0.000,0.000
106.500,0.000,0.000,0.089
106.550,0.000,0.000,0.000
106.600,0.000,0.000,0.096
106.650,0.000,0.000,0.000
106.699,0.000,0.000,0.165
106.749,0.000,0.000,0.000
106.800,0.000,0.000,0.081
106.849,0.000,0.000,0.000
106.899,0.000,0.000,0.091
106.949,0.000,0.000,0.000
107.000,0.000,0.000,0.111
107.049,0.000,0.000,0.000
107.100,0.000,0.000,0.101
107.150,0.000,0.000,0.000
107.200,0.000,0.000,0.072
107.250,0.000,0.000,0.000
107.299,0.000,0.000,0.136
107.350,0.000,0.000,0.000
107.400,0.000,0.000,0.228
107.450,0.000,0.000,0.000
107.500,0.000,0.000,0.109
107.549,0.000,0.000,0.000
107.600,0.000,0.000,0.241
107.650,0.000,0.000,0.000
107.700,0.000,0.000,0.197
107.750,0.000,0.000,0.000
107.805,0.000,0.000,0.159
107.850,0.000,0.000,0.000
107.907,0.000,0.000,0.086
107.951,0.000,0.000,0.000
108.000,0.000,0.000,0.122
108.050,0.000,0.000,0.000
108.099,0.000,0.000,0.107
108.149,0.000,0.000,0.000
108.200,0.000,0.000,0.085
108.250,0.000,0.000,0.000
108.299,0.000,0.000,0.062
108.349,0.000,0.000,0.000
108.400,0.000,0.000,0.092
108.450,0.000,0.000,0.000
108.500,0.000,0.000,0.068
108.549,0.000,0.000,0.000
108.599,0.000,0.000,0.214
108.650,0.000,0.000,0.000
108.699,0.000,0.000,0.117
108.750,0.000,0.000,0.000
108.800,0.000,0.000,0.127
108.849,0.000,0.000,0.000
108.899,0.000,0.000,0.144
108.949,0.000,0.000,0.000
109.000,0.000,0.000,0.150
109.050,0.000,0.000,0.000
109.099,0.000,0.000,0.155
109.149,0.000,0.000,0.000
109.199,0.000,0.000,0.073
109.249,0.000,0.000,0.000
109.299,0.000,0.000,0.122
109.349,0.000,0.000,0.000
109.399,0.000,0.000,0.100
109.449,0.000,0.000,0.000
109.500,0.000,0.000,0.085
109.549,0.000,0.000,0.000
109.600,0.000,0.000,0.023
109.649,0.000,0.000,0.000
109.700,0.000,0.000,0.168
109.749,0.000,0.000,0.000
109.799,0.000,0.000,0.092
109.849,0.000,0.000,0.000
109.899,0.000,0.000,0.081
109.950,0.000,0.000,0.000
110.000,0.000,0.000,0.094
110.050,0.000,0.000,0.000
110.108,0.000,0.000,0.049
110.150,0.000,0.000,0.000
110.200,0.000,0.000,0.007
110.250,0.000,0.000,0.000
110.300,0.000,0.000,0.091
110.349,0.000,0.000,0.000
110.400,0.000,0.000,0.028
110.449,0.000,0.000,0.000
110.499,0.000,0.000,0.113
110.550,0.000,0.000,0.000
110.600,0.000,0.000,0.153
110.650,0.000,0.000,0.000
110.700,0.000,0.000,0.158
110.749,0.000,0.000,0.000
110.799,0.000,0.000,0.039
110.849,0.000,0.000,0.000
110.899,0.000,0.000,0.155
110.950,0.000,0.000,0.000
110.999,0.000,0.000,0.375
111.050,0.000,0.000,0.000
111.102,0.000,0.000,0.224
111.150,0.000,0.000,0.000
111.200,0.000,0.000,0.065
111.250,0.000,0.000,0.000
111.314,0.000,0.000,0.093
111.349,0.000,0.000,0.000
111.399,0.000,0.000,0.199
111.450,0.000,0.000,0.000
111.500,0.000,0.000,0.248
111.551,0.000,0.000,0.000
111.600,0.000,0.000,0.131
111.650,0.000,0.000,0.000
111.702,0.000,0.000,0.054
111.750,0.000,0.000,0.000
111.799,0.000,0.000,0.209
111.849,0.000,0.000,0.000
111.899,0.000,0.000,0.224
111.949,0.000,0.000,0.000
112.000,0.000,0.000,0.185
112.050,0.000,0.000,0.000
112.099,0.000,0.000,0.041
112.150,0.000,0.000,0.000
112.200,0.000,0.000,0.246
112.250,0.000,0.000,0.000
112.299,0.000,0.000,0.180
112.350,0.000,0.000,0.000
112.400,0.000,0.000,0.036
112.450,0.000,0.000,0.000
112.499,0.000,0.000,0.066
112.550,0.000,0.000,0.000
112.600,0.000,0.000,0.168
112.650,0.000,0.000,0.000
112.700,0.000,0.000,0.088
112.750,0.000,0.000,0.000
112.800,0.000,0.000,0.020
112.850,0.000,0.000,0.000
112.900,0.000,0.000,0.062
112.949,0.000,0.000,0.000
112.999,0.000,0.000,0.064
113.049,0.000,0.000,0.000
113.100,0.000,0.000,0.107
113.149,0.000,0.000,0.000
113.199,0.000,0.000,0.095
113.250,0.000,0.000,0.000
113.300,0.000,0.000,0.104
113.349,0.000,0.000,0.000
113.400,0.000,0.000,0.027
113.449,0.000,0.000,0.000
113.500,0.000,0.000,0.138
113.549,0.000,0.000,0.000
113.600,0.000,0.000,0.130
113.650,0.000,0.000,0.000
113.702,0.000,0.000,0.033
113.750,0.000,0.000,0.000
113.800,0.000,0.000,0.084
113.849,0.000,0.000,0.000
113.899,0.000,0.000,0.162
113.950,0.000,0.000,0.000
114.000,0.000,0.000,0.080
114.050,0.000,0.000,0.000
114.102,0.000,0.000,0.074
114.150,0.000,0.000,0.000
114.199,0.000,0.000,0.132
114.250,0.000,0.000,0.000
114.299,0.000,0.000,0.185
114.349,0.000,0.000,0.000
114.400,0.000,0.000,0.120
114.449,0.000,0.000,0.000
114.501,0.000,0.000,0.060
114.550,0.000,0.000,0.000
114.610,0.000,0.000,0.056
114.650,0.000,0.000,0.000
114.701,0.000,0.000,0.069
114.750,0.000,0.000,0.000
114.802,0.000,0.000,0.117
114.850,0.000,0.000,0.000
114.923,0.000,0.000,0.008
114.950,0.000,0.000,0.083
115.002,0.000,0.000,0.088
115.051,0.000,0.000,0.000
115.100,0.000,0.000,0.027
115.149,0.000,0.000,0.000
115.200,0.000,0.000,0.103
115.250,0.000,0.000,0.000
115.318,0.000,0.000,0.022
115.350,0.000,0.000,0.000
115.400,0.000,0.000,0.090
115.450,0.000,0.000,0.000
115.500,0.000,0.000,0.129
115.549,0.000,0.000,0.000
115.600,0.000,0.000,0.136
115.650,0.000,0.000,0.000
115.699,0.000,0.000,0.061
115.750,0.000,0.000,0.000
115.800,0.000,0.000,0.018
115.850,0.000,0.000,0.000
115.900,0.000,0.000,0.335
115.950,0.000,0.000,0.000
116.000,0.000,0.000,0.207
116.049,0.000,0.000,0.000
116.099,0.000,0.000,0.058
116.149,0.000,0.000,0.000
116.200,0.000,0.000,0.043
116.249,0.000,0.000,0.000
116.300,0.000,0.000,0.136
116.349,0.000,0.000,0.000
116.399,0.000,0.000,0.061
116.449,0.000,0.000,0.000
116.500,0.000,0.000,0.015
116.549,0.000,0.000,0.000
116.599,0.000,0.000,0.037
116.649,0.000,0.000,0.000
116.699,0.000,0.000,0.065
116.749,0.000,0.000,0.000
116.800,0.000,0.000,0.112
116.850,0.000,0.000,0.000
116.899,0.000,0.000,0.159
116.949,0.000,0.000,0.000
116.999,0.000,0.000,0.069
117.049,0.000,0.000,0.000
117.099,0.000,0.000,0.159
117.149,0.000,0.000,0.000
117.200,0.000,0.000,0.091
117.250,0.000,0.000,0.000
117.300,0.000,0.000,0.057
117.350,0.000,0.000,0.000
117.400,0.000,0.000,0.046
117.449,0.000,0.000,0.000
117.499,0.000,0.000,0.085
117.549,0.000,0.000,0.000
117.600,0.000,0.000,0.227
117.649,0.000,0.000,0.000
117.700,0.000,0.000,0.152
117.750,0.000,0.000,0.000
117.807,0.000,0.000,0.050
117.850,0.000,0.000,0.000
117.899,0.000,0.000,0.050
117.952,0.000,0.000,0.000
117.999,0.000,0.000,0.172
118.050,0.000,0.000,0.000
118.100,0.000,0.000,0.098
118.151,0.000,0.000,0.000
118.199,0.000,0.000,0.136
118.250,0.000,0.000,0.000
118.300,0.000,0.000,0.068
118.351,0.000,0.000,0.000
118.400,0.000,0.000,0.110
118.450,0.000,0.000,0.000
118.499,0.000,0.000,0.053
118.549,0.000,0.000,0.000
118.599,0.000,0.000,0.064
118.650,0.000,0.000,0.000
118.700,0.000,0.000,0.086
118.749,0.000,0.000,0.000
118.799,0.000,0.000,0.129
118.849,0.000,0.000,0.000
118.900,0.000,0.000,0.157
118.950,0.000,0.000,0.000
118.999,0.000,0.000,0.078
119.050,0.000,0.000,0.000
119.099,0.000,0.000,0.114
119.149,0.000,0.000,0.000
119.200,0.000,0.000,0.304
119.249,0.000,0.000,0.000
119.299,0.000,0.000,0.207
119.349,0.000,0.000,0.000
119.400,0.000,0.000,0.125
119.450,0.000,0.000,0.000
119.499,0.000,0.000,0.102
119.550,0.000,0.000,0.000
119.600,0.000,0.000,0.061
119.649,0.000,0.000,0.000
119.700,0.000,0.000,0.061
119.749,0.000,0.000,0.000
119.799,0.000,0.000,0.036
119.849,0.000,0.000,0.000
119.901,0.000,0.000,0.090
119.950,0.000,0.000,0.000
120.000,0.000,0.000,0.030
120.049,0.000,0.000,0.000
120.100,0.000,0.000,0.106
120.150,0.000,0.000,0.000
120.200,0.000,0.000,0.096
120.250,0.000,0.000,0.000
120.299,0.000,0.000,0.166
120.350,0.000,0.000,0.000
120.400,0.000,0.000,0.115
120.449,0.000,0.000,0.000
120.500,0.000,0.000,0.104
120.549,0.000,0.000,0.000
120.600,0.000,0.000,0.064
120.649,0.000,0.000,0.000
120.701,0.000,0.000,0.110
120.750,0.000,0.000,0.000
120.800,0.000,0.000,0.134
120.850,0.000,0.000,0.000
120.900,0.000,0.000,0.269
120.950,0.000,0.000,0.000
121.000,0.000,0.000,0.157
121.049,0.000,0.000,0.000
121.100,0.000,0.000,0.058
121.150,0.000,0.000,0.000
121.200,0.000,0.000,0.193
121.249,0.000,0.000,0.000
121.300,0.000,0.000,0.202
121.350,0.000,0.000,0.000
121.401,0.000,0.000,0.092
121.450,0.000,0.000,0.000
121.499,0.000,0.000,0.026
121.550,0.000,0.000,0.000
121.606,0.000,0.000,0.122
121.649,0.000,0.000,0.000
121.700,0.000,0.000,0.051
121.749,0.000,0.000,0.000
121.799,0.000,0.000,0.122
121.849,0.000,0.000,0.000
121.900,0.000,0.000,0.099
121.949,0.000,0.000,0.000
122.000,0.000,0.000,0.201
122.050,0.000,0.000,0.000
122.100,0.000,0.000,0.183
122.150,0.000,0.000,0.000
122.200,0.000,0.000,0.094
122.249,0.000,0.000,0.000
122.300,0.000,0.000,0.053
122.349,0.000,0.000,0.000
122.399,0.000,0.000,0.149
122.450,0.000,0.000,0.000
122.499,0.000,0.000,0.161
122.550,0.000,0.000,0.000
122.599,0.000,0.000,0.237
122.649,0.000,0.000,0.000
122.699,0.000,0.000,0.148
122.750,0.000,0.000,0.000
122.800,0.000,0.000,0.081
122.850,0.000,0.000,0.000
122.900,0.000,0.000,0.078
122.950,0.000,0.000,0.000
123.000,0.000,0.000,0.049
123.050,0.000,0.000,0.000
123.099,0.000,0.000,0.053
123.150,0.000,0.000,0.000
123.199,0.000,0.000,0.060
123.250,0.000,0.000,0.000
123.299,0.000,0.000,0.038
123.350,0.000,0.000,0.000
123.400,0.000,0.000,0.207
123.449,0.000,0.000,0.000
123.500,0.000,0.000,0.365
123.550,0.000,0.000,0.000
123.599,0.000,0.000,0.199
123.649,0.000,0.000,0.000
123.700,0.000,0.000,0.128
123.749,0.000,0.000,0.000
123.799,0.000,0.000,0.146
123.850,0.000,0.000,0.000
123.900,0.000,0.000,0.211
123.950,0.000,0.000,0.000
124.000,0.000,0.000,0.128
124.049,0.000,0.000,0.000
124.100,0.000,0.000,0.209
124.149,0.000,0.000,0.000
124.200,0.000,0.000,0.185
124.250,0.000,0.000,0.000
124.305,0.000,0.000,0.074
124.349,0.000,0.000,0.000
124.400,0.000,0.000,0.062
124.450,0.000,0.000,0.000
124.500,0.000,0.000,0.115
124.558,0.000,0.000,0.000
124.603,0.000,0.000,0.187
124.650,0.000,0.000,0.000
124.702,0.000,0.000,0.096
124.749,0.000,0.000,0.000
124.801,0.000,0.000,0.069
124.850,0.000,0.000,0.000
124.900,0.000,0.000,0.053
124.950,0.000,0.000,0.000
125.000,0.000,0.000,0.242
125.051,0.000,0.000,0.000
125.100,0.000,0.000,0.140
125.149,0.000,0.000,0.000
125.199,0.000,0.000,0.147
125.250,0.000,0.000,0.000
125.300,0.000,0.000,0.201
125.349,0.000,0.000,0.000
125.400,0.000,0.000,0.253
125.449,0.000,0.000,0.000
125.501,0.000,0.000,0.128
125.550,0.000,0.000,0.000
125.599,0.000,0.000,0.040
125.649,0.000,0.000,0.000
125.700,0.000,0.000,0.054
125.749,0.000,0.000,0.000
125.800,0.000,0.000,0.112
125.849,0.000,0.000,0.000
125.899,0.000,0.000,0.122
125.950,0.000,0.000,0.000
126.000,0.000,0.000,0.085
126.049,0.000,0.000,0.000
126.100,0.000,0.000,0.030
126.149,0.000,0.000,0.000
126.200,0.000,0.000,0.039
126.249,0.000,0.000,0.000
126.299,0.000,0.000,0.023
126.350,0.000,0.000,0.000
126.399,0.000,0.000,0.058
126.450,0.000,0.000,0.000
126.500,0.000,0.000,0.077
126.550,0.000,0.000,0.000
126.599,0.000,0.000,0.060
126.650,0.000,0.000,0.000
126.700,0.000,0.000,0.006
126.750,0.000,0.000,0.000
126.800,0.000,0.000,0.067
126.849,0.000,0.000,0.000
126.900,0.000,0.000,0.146
126.949,0.000,0.000,0.000
127.000,0.000,0.000,0.083
127.050,0.000,0.000,0.000
127.099,0.000,0.000,0.091
127.149,0.000,0.000,0.000
127.199,0.000,0.000,0.099
127.249,0.000,0.000,0.000
127.300,0.000,0.000,0.048
127.349,0.000,0.000,0.000
127.399,0.000,0.000,0.027
127.449,0.000,0.000,0.000
127.500,0.000,0.000,0.083
127.549,0.000,0.000,0.000
127.600,0.000,0.000,0.093
127.649,0.000,0.000,0.000
127.700,0.000,0.000,0.059
127.750,0.000,0.000,0.000
127.800,0.000,0.000,0.101
127.849,0.000,0.000,0.000
127.900,0.000,0.000,0.075
127.949,0.000,0.000,0.000
128.000,0.000,0.000,0.065
128.050,0.000,0.000,0.000
128.099,0.000,0.000,0.080
128.149,0.000,0.000,0.000
128.199,0.000,0.000,0.078
128.249,0.000,0.000,0.000
128.300,0.000,0.000,0.012
128.350,0.000,0.000,0.000
128.403,0.000,0.000,0.163
128.450,0.000,0.000,0.000
128.499,0.000,0.000,0.059
128.550,0.000,0.000,0.000
128.600,0.000,0.000,0.212
128.649,0.000,0.000,0.000
128.700,0.000,0.000,0.209
128.750,0.000,0.000,0.000
128.800,0.000,0.000,0.122
128.850,0.000,0.000,0.000
128.900,0.000,0.000,0.037
128.949,0.000,0.000,0.000
129.000,0.000,0.000,0.145
129.049,0.000,0.000,0.000
129.099,0.000,0.000,0.179
129.149,0.000,0.000,0.000
129.199,0.000,0.000,0.217
129.249,0.000,0.000,0.000
129.299,0.000,0.000,0.100
129.350,0.000,0.000,0.000
129.400,0.000,0.000,0.023
129.450,0.000,0.000,0.000
129.500,0.000,0.000,0.162
129.549,0.000,0.000,0.000
129.600,0.000,0.000,0.054
129.650,0.000,0.000,0.000
129.699,0.000,0.000,0.033
129.750,0.000,0.000,0.000
129.800,0.000,0.000,0.027
129.849,0.000,0.000,0.000
129.899,0.000,0.000,0.056
129.949,0.000,0.000,0.000
130.000,0.000,0.000,0.136
130.049,0.000,0.000,0.000
130.099,0.000,0.000,0.197
130.150,0.000,0.000,0.000
130.200,0.000,0.000,0.110
130.249,0.000,0.000,0.000
130.300,0.000,0.000,0.223
130.349,0.000,0.000,0.000
130.400,0.000,0.000,0.080
130.449,0.000,0.000,0.000
130.500,0.000,0.000,0.171
130.550,0.000,0.000,0.000
130.600,0.000,0.000,0.052
130.650,0.000,0.000,0.000
130.700,0.000,0.000,0.186
130.749,0.000,0.000,0.000
130.802,0.000,0.000,0.174
130.849,0.000,0.000,0.000
130.899,0.000,0.000,0.160
130.950,0.000,0.000,0.000
131.000,0.000,0.000,0.083
131.050,0.000,0.000,0.000
131.100,0.000,0.000,0.082
131.151,0.000,0.000,0.000
131.200,0.000,0.000,0.178
131.250,0.000,0.000,0.000
131.300,0.000,0.000,0.076
131.350,0.000,0.000,0.000
131.401,0.000,0.000,0.052
131.450,0.000,0.000,0.000
131.499,0.000,0.000,0.035
131.550,0.000,0.000,0.000
131.602,0.000,0.000,0.097
131.649,0.000,0.000,0.000
131.700,0.000,0.000,0.063
131.750,0.000,0.000,0.000
131.800,0.000,0.000,0.131
131.850,0.000,0.000,0.000
131.899,0.000,0.000,0.108
131.949,0.000,0.000,0.000
132.000,0.000,0.000,0.233
132.049,0.000,0.000,0.000
132.099,0.000,0.000,0.180
132.149,0.000,0.000,0.000
132.199,0.000,0.000,0.102
132.250,0.000,0.000,0.000
132.300,0.000,0.000,0.094
132.349,0.000,0.000,0.000
132.400,0.000,0.000,0.260
132.449,0.000,0.000,0.000
132.500,0.000,0.000,0.156
132.549,0.000,0.000,0.000
132.600,0.000,0.000,0.021
132.650,0.000,0.000,0.000
132.699,0.000,0.000,0.044
132.749,0.000,0.000,0.000
132.799,0.000,0.000,0.072
132.849,0.000,0.000,0.000
132.899,0.000,0.000,0.043
132.949,0.000,0.000,0.000
132.999,0.000,0.000,0.024
133.049,0.000,0.000,0.000
133.100,0.000,0.000,0.102
133.150,0.000,0.000,0.000
133.202,0.000,0.000,0.027
133.258,0.000,0.000,0.000
133.303,0.000,0.000,0.115
133.350,0.000,0.000,0.000
133.400,0.000,0.000,0.202
133.450,0.000,0.000,0.000
133.500,0.000,0.000,0.098
133.550,0.000,0.000,0.000
133.600,0.000,0.000,0.074
133.649,0.000,0.000,0.000
133.700,0.000,0.000,0.326
133.749,0.000,0.000,0.000
133.800,0.000,0.000,0.156
133.850,0.000,0.000,0.000
133.900,0.000,0.000,0.155
133.950,0.000,0.000,0.000
134.000,0.000,0.000,0.075
134.050,0.000,0.000,0.000
134.100,0.000,0.000,0.172
134.150,0.000,0.000,0.000
134.200,0.000,0.000,0.129
134.250,0.000,0.000,0.000
134.299,0.000,0.000,0.107
134.349,0.000,0.000,0.000
134.400,0.000,0.000,0.096
134.450,0.000,0.000,0.000
134.500,0.000,0.000,0.146
134.550,0.000,0.000,0.000
134.602,0.000,0.000,0.065
134.649,0.000,0.000,0.000
134.700,0.000,0.000,0.071
134.749,0.000,0.000,0.000
134.799,0.000,0.000,0.032
134.849,0.000,0.000,0.000
134.900,0.000,0.000,0.021
134.950,0.000,0.000,0.000
135.000,0.000,0.000,0.160
135.050,0.000,0.000,0.000
135.099,0.000,0.000,0.047
135.150,0.000,0.000,0.000
135.199,0.005,0.012,0.160
135.250,0.015,0.058,0.000
135.299,0.038,0.136,0.193
135.350,0.038,0.162,0.000
135.400,0.039,0.191,0.131
135.450,0.037,0.185,0.000
135.502,0.046,0.215,0.012
135.551,0.056,0.231,0.000
135.600,0.059,0.244,0.212
135.650,0.063,0.275,0.000
135.700,0.063,0.275,0.150
135.750,0.065,0.282,0.000
135.800,0.066,0.288,0.147
135.850,0.069,0.295,0.000
135.900,0.066,0.310,0.074
135.950,0.068,0.308,0.000
136.000,0.065,0.312,0.138
136.050,0.064,0.308,0.000
136.100,0.063,0.308,0.148
136.150,0.072,0.331,0.000
136.208,0.072,0.331,0.009
136.250,0.081,0.362,0.296
136.299,0.000,0.000,0.230
136.350,0.000,0.000,0.000
136.400,0.089,0.381,1.157
136.450,0.088,0.391,0.000
136.500,0.099,0.377,0.230
136.550,0.100,0.369,0.000
136.600,0.105,0.367,0.299
136.651,0.093,0.378,0.000
136.700,0.093,0.382,1.371
136.750,0.092,0.392,0.000
136.800,0.095,0.404,0.680
136.850,0.095,0.399,0.000
136.900,0.109,0.388,0.513
136.950,0.113,0.391,0.000
137.000,0.119,0.389,0.895
137.050,0.121,0.375,0.000
137.101,0.116,0.374,1.303
137.150,0.114,0.378,0.000
137.199,0.122,0.373,2.179
137.251,0.122,0.363,0.000
137.305,0.120,0.370,1.712
137.350,0.111,0.370,0.646
137.402,0.110,0.372,0.744
137.450,0.110,0.378,0.000
137.501,0.114,0.369,1.035
137.550,0.117,0.353,0.000
137.600,0.118,0.352,0.497
137.650,0.118,0.369,0.000
137.701,0.117,0.367,0.394
137.750,0.119,0.369,0.000
137.800,0.118,0.364,0.476
137.850,0.117,0.366,0.000
137.900,0.117,0.366,0.280
137.950,0.116,0.367,0.000
138.001,0.112,0.346,0.319
138.052,0.110,0.319,0.000
138.102,0.109,0.311,0.222
138.150,0.113,0.306,0.188
138.200,0.108,0.296,0.408
138.251,0.105,0.288,0.000
138.306,0.106,0.306,0.596
138.350,0.100,0.318,0.000
138.404,0.099,0.310,0.568
138.458,0.101,0.303,0.000
138.500,0.099,0.280,0.611
138.550,0.099,0.280,0.000
138.600,0.104,0.238,0.315
138.650,0.105,0.218,0.000
138.700,0.118,0.205,0.254
138.750,0.118,0.204,0.000
138.800,0.117,0.191,0.445
138.850,0.114,0.181,0.000
138.900,0.118,0.177,0.265
138.951,0.118,0.177,0.000
139.000,0.120,0.133,0.740
139.050,0.117,0.108,0.000
139.100,0.112,0.065,0.258
139.150,0.119,0.066,0.000
139.204,0.118,0.062,0.208
139.250,0.117,0.049,0.000
139.300,0.123,0.037,0.186
139.350,0.123,0.029,0.000
139.400,0.123,0.022,0.444
139.450,0.123,0.022,0.000
139.500,0.118,-0.008,0.311
139.550,0.123,-0.031,0.000
139.600,0.122,-0.060,0.163
139.650,0.116,-0.064,0.000
139.700,0.116,-0.076,0.143
139.750,0.118,-0.086,0.000
139.800,0.118,-0.102,0.036
139.850,0.114,-0.108,0.000
139.902,0.111,-0.097,0.097
139.949,0.114,-0.108,0.000
139.999,0.117,-0.121,0.409
140.050,0.000,0.000,0.000
140.100,0.133,-0.106,0.884
140.150,0.150,-0.100,0.000
140.200,0.148,-0.093,0.756
140.251,0.146,-0.079,0.000
140.300,0.149,-0.065,0.545
140.350,0.148,-0.048,0.000
140.400,0.149,-0.044,0.362
140.450,0.151,-0.049,0.000
140.507,0.162,-0.032,0.176
140.550,0.162,-0.012,0.000
140.601,0.166,-0.011,1.404
140.650,0.169,-0.011,0.000
140.699,0.173,-0.013,0.345
140.750,0.178,-0.016,0.000
140.800,0.178,-0.017,0.374
140.850,0.177,-0.010,0.000
140.900,0.176,0.002,0.658
140.949,0.177,0.020,0.000
141.002,0.179,0.017,0.450
141.050,0.179,0.012,0.000
141.107,0.181,0.029,0.393
141.150,0.188,0.019,0.000
141.200,0.187,0.018,0.432
141.250,0.186,0.014,0.000
141.300,0.189,-0.003,0.314
141.350,0.189,-0.003,0.000
141.399,0.184,-0.009,0.051
141.450,0.181,-0.004,0.000
141.500,0.185,0.004,0.056
141.550,0.183,0.002,0.000
141.600,0.182,-0.002,0.253
141.650,0.179,-0.013,0.000
141.702,0.173,-0.012,0.156
141.751,0.175,-0.015,0.000
141.802,0.177,-0.051,0.758
141.850,0.176,-0.075,0.000
141.902,0.171,-0.107,0.671
141.950,0.169,-0.128,0.000
142.001,0.168,-0.144,1.054
142.050,0.169,-0.135,0.000
142.104,0.163,-0.135,0.788
142.150,0.160,-0.136,0.000
142.200,0.159,-0.139,0.602
142.251,0.150,-0.134,0.000
142.300,0.153,-0.131,0.398
142.350,0.151,-0.139,0.000
142.403,0.147,-0.149,0.112
142.450,0.148,-0.155,0.000
142.499,0.149,-0.160,0.721
142.550,0.141,-0.171,0.000
142.600,0.140,-0.175,0.494
142.650,0.137,-0.175,0.000
142.712,0.135,-0.170,0.015
142.750,0.132,-0.171,0.451
142.800,0.131,-0.158,0.175
142.850,0.132,-0.163,0.000
142.902,0.130,-0.162,0.175
142.950,0.000,0.000,0.000
143.000,0.129,-0.155,0.157
143.051,0.129,-0.155,0.000
143.100,0.141,-0.123,0.197
143.150,0.148,-0.092,0.000
143.200,0.148,-0.076,0.194
143.250,0.154,-0.062,0.000
143.301,0.155,-0.040,0.261
143.350,0.161,-0.035,0.000
143.400,0.167,-0.030,0.232
143.449,0.162,-0.016,0.000
143.500,0.163,-0.017,0.255
143.550,0.169,-0.013,0.000
143.600,0.167,-0.012,0.239
143.650,0.173,-0.009,0.000
143.700,0.173,-0.006,0.275
143.749,0.174,0.008,0.000
143.801,0.176,0.018,0.272
143.850,0.180,0.013,0.000
143.900,0.186,0.016,0.317
143.950,0.188,0.015,0.000
144.000,0.183,0.010,0.047
144.052,0.181,0.009,0.000
144.100,0.181,0.009,0.027
144.150,0.181,0.003,0.000
144.200,0.184,-0.000,0.086
144.250,0.190,0.005,0.000
144.301,0.189,0.016,0.237
144.350,0.190,0.028,0.000
144.400,0.185,0.024,0.217
144.450,0.186,0.022,0.000
144.500,0.187,0.006,0.249
144.550,0.186,0.000,0.000
144.602,0.186,0.012,0.301
144.650,0.187,0.009,0.000
144.699,0.182,0.008,0.363
144.749,0.180,0.001,0.000
144.799,0.184,-0.002,0.431
144.850,0.172,0.051,0.000
144.899,0.167,0.059,1.130
144.950,0.166,0.083,0.000
144.999,0.155,0.108,0.800
145.050,0.151,0.118,0.000
145.100,0.154,0.134,0.806
145.149,0.152,0.136,0.000
145.200,0.146,0.120,0.383
145.249,0.138,0.102,0.000
145.299,0.136,0.131,0.381
145.350,0.129,0.114,0.000
145.400,0.123,0.057,0.215
145.449,0.130,0.045,0.000
145.500,0.134,0.061,0.117
145.550,0.133,0.074,0.000
145.600,0.127,0.115,0.338
145.650,0.121,0.109,0.000
145.700,0.126,0.094,0.292
145.750,0.124,0.039,0.000
145.800,0.123,0.015,0.744
145.849,0.121,-0.032,0.000
145.900,0.120,-0.040,0.561
145.950,0.121,-0.015,0.000
146.002,0.119,-0.040,0.405
146.050,0.114,-0.059,0.000
146.100,0.115,-0.058,0.351
146.149,0.111,-0.059,0.000
146.201,0.112,-0.058,0.293
146.251,0.109,-0.079,0.000
146.300,0.108,-0.083,0.159
146.350,0.105,-0.098,0.000
146.400,0.106,-0.106,0.101
146.450,0.101,-0.112,0.000
146.502,0.106,-0.116,0.065
146.549,0.110,-0.119,0.000
146.601,0.111,-0.123,0.163
146.650,0.112,-0.122,0.000
146.700,0.109,-0.115,0.105
146.749,0.103,-0.090,0.000
146.800,0.102,-0.084,0.072
146.850,0.096,-0.088,0.000
146.899,0.093,-0.092,0.099
146.949,0.089,-0.095,0.000
147.000,0.082,-0.078,0.108
147.050,0.084,-0.073,0.000
147.100,0.082,-0.071,0.196
147.149,0.080,-0.072,0.000
147.200,0.000,0.000,0.181
147.249,0.000,0.000,0.000
147.300,0.093,-0.066,0.201
147.350,0.111,-0.045,0.000
147.400,0.124,-0.038,0.218
147.450,0.134,-0.034,0.000
147.500,0.149,-0.022,0.450
147.550,0.159,-0.013,0.000
147.599,0.163,-0.001,0.418
147.650,0.165,-0.003,0.000
147.700,0.168,-0.003,0.433
147.750,0.170,0.008,0.000
147.800,0.179,0.001,0.486
147.849,0.182,0.007,0.000
147.900,0.181,0.011,0.238
147.949,0.177,0.015,0.000
147.999,0.174,0.024,0.209
148.050,0.176,0.005,0.000
148.100,0.175,0.007,0.423
148.149,0.179,0.011,0.000
148.199,0.181,0.003,0.256
148.249,0.183,0.005,0.000
148.299,0.188,-0.000,0.285
148.350,0.186,0.003,0.000
148.399,0.187,0.010,0.255
148.449,0.177,0.009,0.000
148.500,0.179,0.008,0.559
148.549,0.183,-0.001,0.000
148.600,0.190,0.012,0.406
148.649,0.188,0.009,0.000
148.699,0.184,0.003,0.345
148.749,0.181,0.017,0.000
148.800,0.178,0.031,0.381
148.850,0.172,0.027,0.000
148.900,0.181,0.019,0.413
148.952,0.177,-0.001,0.000
149.000,0.173,-0.025,0.544
149.050,0.171,-0.070,0.000
149.100,0.169,-0.091,0.520
149.150,0.160,-0.129,0.000
149.200,0.152,-0.143,0.140
149.249,0.151,-0.139,0.000
149.300,0.143,-0.153,0.148
149.349,0.132,-0.190,0.000
149.400,0.140,-0.200,0.233
149.450,0.146,-0.199,0.000
149.499,0.142,-0.201,0.215
149.550,0.147,-0.191,0.000
149.600,0.146,-0.185,0.200
149.649,0.141,-0.166,0.000
149.700,0.135,-0.166,0.175
149.750,0.128,-0.178,0.000
149.799,0.121,-0.202,0.173
149.850,0.125,-0.193,0.000
149.899,0.126,-0.189,0.290
149.950,0.120,-0.169,0.000
150.000,0.116,-0.171,0.330
150.050,0.114,-0.179,0.000
150.099,0.116,-0.170,0.295
150.151,0.116,-0.170,0.000
150.200,0.117,-0.159,0.179
150.250,0.114,-0.139,0.000
150.300,0.109,-0.121,0.094
150.350,0.107,-0.111,0.000
150.400,0.108,-0.129,0.048
150.452,0.104,-0.146,0.000
150.505,0.104,-0.133,0.116
150.551,0.107,-0.123,0.100
150.602,0.109,-0.107,0.167
150.649,0.110,-0.097,0.000
150.700,0.108,-0.073,0.208
150.750,0.105,-0.047,0.000
150.800,0.099,-0.037,0.200
150.849,0.095,-0.036,0.000
150.900,0.088,-0.028,0.800
150.949,0.089,-0.033,0.000
151.000,0.080,-0.042,0.634
151.050,0.083,-0.047,0.000
151.100,0.084,-0.052,0.511
151.150,0.079,-0.060,0.000
151.200,0.077,-0.058,0.441
151.250,0.074,-0.057,0.000
151.300,0.072,-0.065,0.261
151.349,0.065,-0.062,0.000
151.400,0.064,-0.049,0.713
151.450,0.065,-0.022,0.000
151.500,0.060,0.027,0.427
151.549,0.055,0.045,0.000
151.600,0.052,0.048,0.030
151.649,0.058,0.026,0.000
151.699,0.067,-0.000,0.290
151.749,0.062,0.013,0.000
151.799,0.070,0.046,0.520
151.850,0.067,0.047,0.000
151.900,0.058,0.051,0.445
151.950,0.047,0.047,0.000
151.999,0.044,0.031,0.283
152.049,0.041,-0.013,0.000
152.100,0.049,-0.019,0.158
152.150,0.048,-0.006,0.000
152.200,0.038,-0.006,0.014
152.249,0.036,0.004,0.000
152.300,0.034,0.015,0.077
152.349,0.038,0.008,0.000
152.399,0.045,0.006,0.073
152.449,0.035,-0.002,0.000
152.499,0.036,-0.008,0.103
152.550,0.036,0.001,0.000
152.600,0.036,0.014,0.142
152.650,0.039,0.028,0.000
152.700,0.042,0.013,0.164
152.750,0.048,0.008,0.000
152.800,0.039,-0.009,0.130
152.850,0.040,-0.015,0.000
152.901,0.033,-0.018,0.531
152.950,0.038,-0.041,0.000
153.000,0.041,-0.062,0.499
153.052,0.032,-0.063,0.000
153.100,0.036,-0.042,0.385
153.149,0.031,-0.026,0.000
153.200,0.021,-0.021,0.282
153.249,0.022,-0.035,0.000
153.300,0.014,-0.064,0.335
153.350,0.018,-0.078,0.000
153.400,0.011,-0.044,0.418
153.449,0.014,-0.020,0.000
153.500,0.023,-0.059,0.577
153.549,0.015,-0.058,0.000
153.600,0.018,-0.050,0.487
153.650,0.022,-0.043,0.000
153.700,0.027,-0.018,0.533
153.750,0.030,-0.003,0.000
153.810,0.033,-0.005,0.049
153.850,0.030,-0.018,0.545
153.901,0.000,0.000,0.330
153.950,0.000,0.000,0.000
154.000,0.050,-0.011,0.068
154.050,0.050,-0.011,0.000
154.100,0.077,-0.015,0.371
154.150,0.088,-0.021,0.000
154.200,0.118,-0.024,0.275
154.250,0.137,-0.028,0.000
154.302,0.144,-0.037,0.194
154.350,0.151,-0.029,0.000
154.401,0.156,-0.025,0.138
154.450,0.160,-0.022,0.000
154.500,0.160,-0.010,0.108
154.549,0.166,-0.011,0.000
154.600,0.171,-0.012,0.131
154.650,0.174,-0.008,0.000
154.699,0.177,-0.006,0.278
154.750,0.190,0.006,0.000
154.799,0.188,0.012,0.081
154.849,0.187,0.013,0.000
154.899,0.184,0.001,0.089
154.949,0.181,-0.009,0.000
155.000,0.182,-0.002,0.197
155.049,0.184,0.004,0.000
155.100,0.188,0.000,0.168
155.150,0.194,0.007,0.000
155.200,0.189,0.011,0.331
155.250,0.194,0.017,0.000
155.300,0.194,0.016,0.236
155.350,0.201,0.005,0.000
155.400,0.198,0.005,0.308
155.450,0.198,-0.010,0.000
155.500,0.201,-0.004,0.349
155.552,0.195,0.008,0.000
155.600,0.187,0.010,0.702
155.649,0.184,0.010,0.000
155.699,0.190,0.009,0.500
155.750,0.191,0.001,0.000
155.800,0.184,0.005,0.432
155.850,0.185,0.008,0.000
155.900,0.187,-0.003,0.372
155.950,0.188,0.011,0.000
156.000,0.190,0.015,0.328
156.049,0.196,0.018,0.000
156.099,0.193,0.008,0.289
156.149,0.184,0.013,0.000
156.199,0.185,0.000,0.249
156.249,0.190,0.009,0.000
156.300,0.191,0.005,0.247
156.349,0.181,-0.008,0.000
156.400,0.184,0.003,0.138
156.449,0.180,0.015,0.000
156.499,0.184,0.008,0.304
156.550,0.192,0.007,0.000
156.600,0.197,0.003,0.370
156.650,0.200,0.003,0.000
156.700,0.195,0.007,0.376
156.750,0.189,0.014,0.000
156.800,0.189,0.018,0.495
156.849,0.186,0.031,0.000
156.900,0.190,0.037,0.273
156.949,0.190,0.017,0.000
157.000,0.190,0.031,0.246
157.050,0.194,0.024,0.000
157.100,0.193,0.019,0.162
157.149,0.194,0.002,0.000
157.200,0.192,0.004,0.187
157.249,0.191,0.003,0.000
157.300,0.186,0.012,0.256
157.349,0.188,0.018,0.000
157.401,0.188,0.020,0.225
157.450,0.185,0.012,0.000
157.503,0.183,-0.006,0.419
157.550,0.185,-0.014,0.000
157.599,0.189,-0.003,0.403
157.649,0.185,0.018,0.000
157.700,0.183,0.011,0.393
157.750,0.188,0.019,0.000
157.801,0.186,0.016,0.337
157.850,0.189,0.011,0.000
157.905,0.189,0.005,0.277
157.950,0.189,0.007,0.000
158.004,0.187,0.016,0.235
158.054,0.188,0.021,0.000
158.100,0.188,0.017,0.246
158.150,0.186,0.018,0.000
158.200,0.178,0.028,0.362
158.252,0.175,0.029,0.000
158.300,0.172,0.030,0.495
158.350,0.178,0.023,0.000
158.399,0.180,0.028,0.582
158.451,0.183,0.012,0.000
158.517,0.182,0.010,0.285
158.550,0.178,0.014,0.000
158.600,0.178,0.021,0.388
158.649,0.179,0.018,0.000
158.699,0.179,0.023,0.390
158.750,0.180,0.017,0.000
158.800,0.181,0.016,0.410
158.850,0.182,0.008,0.000
158.900,0.182,0.007,0.339
158.949,0.184,0.006,0.000
158.999,0.179,0.023,0.312
159.050,0.176,0.025,0.000
159.100,0.177,0.037,0.286
159.150,0.182,0.040,0.000
159.200,0.178,0.041,0.197
159.250,0.177,0.042,0.000
159.300,0.175,0.053,0.174
159.350,0.173,0.051,0.000
159.400,0.173,0.039,0.133
159.450,0.175,0.026,0.000
159.500,0.168,0.009,0.153
159.549,0.166,0.004,0.000
159.600,0.170,-0.002,0.099
159.650,0.171,0.020,0.000
159.700,0.173,0.021,0.268
159.750,0.171,0.022,0.000
159.800,0.169,0.027,1.098
159.849,0.162,-0.006,0.000
159.900,0.161,-0.025,0.693
159.950,0.158,-0.032,0.000
160.003,0.150,-0.020,0.353
160.049,0.146,-0.009,0.000
160.100,0.140,-0.011,0.325
160.150,0.130,-0.016,0.000
160.200,0.127,-0.021,0.239
160.249,0.124,-0.039,0.000
160.300,0.129,-0.051,0.235
160.351,0.130,-0.069,0.000
160.400,0.134,-0.066,0.181
160.449,0.135,-0.077,0.000
160.500,0.134,-0.078,0.070
160.549,0.128,-0.085,0.000
160.600,0.117,-0.088,0.097
160.650,0.117,-0.066,0.000
160.700,0.112,-0.034,0.289
160.750,0.111,-0.040,0.000
160.800,0.106,-0.042,0.254
160.850,0.111,-0.063,0.000
160.900,0.114,-0.061,0.406
160.950,0.115,-0.058,0.000
161.000,0.112,-0.046,0.355
161.050,0.112,-0.050,0.000
161.100,0.111,-0.065,0.250
161.149,0.107,-0.061,0.000
161.200,0.100,-0.066,0.223
161.251,0.100,-0.066,0.000
161.301,0.105,-0.063,0.183
161.350,0.102,-0.058,0.000
161.400,0.097,-0.066,0.167
161.449,0.091,-0.064,0.000
161.505,0.084,-0.069,0.072
161.550,0.085,-0.083,0.113
161.600,0.084,-0.088,0.036
161.650,0.083,-0.087,0.146
161.700,0.080,-0.102,0.984
161.749,0.077,-0.126,0.000
161.800,0.077,-0.126,0.670
161.850,0.075,-0.108,0.000
161.900,0.073,-0.099,0.072
161.950,0.071,-0.097,0.000
162.000,0.066,-0.097,0.034
162.050,0.061,-0.094,0.000
162.100,0.058,-0.094,0.172
162.150,0.058,-0.099,0.000
162.200,0.063,-0.098,0.186
162.249,0.058,-0.079,0.000
162.300,0.057,-0.065,0.187
162.351,0.057,-0.051,0.000
162.400,0.057,-0.062,0.143
162.452,0.058,-0.032,0.000
162.500,0.060,-0.020,0.169
162.549,0.065,-0.021,0.000
162.600,0.063,-0.016,0.202
162.649,0.055,-0.017,0.000
162.700,0.055,-0.006,0.735
162.750,0.057,-0.006,0.000
162.800,0.049,-0.018,0.669
162.849,0.045,-0.044,0.000
162.900,0.048,-0.035,0.671
162.949,0.052,-0.036,0.000
163.000,0.041,-0.032,0.550
163.049,0.032,-0.036,0.000
163.099,0.030,-0.043,0.246
163.149,0.027,-0.055,0.000
163.199,0.027,-0.070,0.175
163.251,0.027,-0.082,0.000
163.299,0.030,-0.070,0.497
163.350,0.035,-0.086,0.000
163.400,0.040,-0.123,0.343
163.449,0.038,-0.105,0.000
163.501,0.027,-0.074,0.148
163.550,0.023,-0.058,0.000
163.600,0.018,-0.051,0.153
163.650,0.019,-0.037,0.000
163.700,0.024,-0.049,0.019
163.750,0.033,-0.058,0.000
163.800,0.034,-0.063,0.087
163.850,0.031,-0.063,0.000
163.899,0.034,-0.065,0.110
163.950,0.025,-0.055,0.000
164.000,0.023,-0.051,0.136
164.050,0.026,-0.042,0.000
164.099,0.026,-0.036,0.182
164.150,0.020,-0.036,0.000
164.199,0.017,-0.035,0.177
164.249,0.006,-0.013,0.000
164.300,0.009,-0.018,0.192
164.350,0.007,-0.010,0.000
164.399,0.005,-0.012,0.168
164.450,0.006,-0.018,0.000
164.500,0.022,-0.022,0.135
164.550,0.026,-0.020,0.000
164.601,0.026,-0.025,0.138
164.649,0.015,-0.037,0.000
164.700,0.009,-0.047,0.232
164.749,0.010,-0.045,0.000
164.800,0.013,-0.047,0.255
164.850,0.015,-0.056,0.000
164.900,0.016,-0.062,0.263
164.950,0.011,-0.049,0.000
165.000,0.007,-0.025,0.276
165.050,0.006,-0.018,0.000
165.100,-0.000,-0.006,0.290
165.150,0.004,-0.012,0.000
165.201,-0.002,-0.022,0.302
165.249,-0.006,-0.012,0.000
165.300,-0.012,-0.025,0.227
165.350,-0.007,-0.015,0.000
165.400,0.000,-0.011,0.426
165.455,0.007,-0.003,0.000
165.500,0.004,0.007,0.477
165.552,0.002,0.006,0.000
165.600,0.009,-0.003,0.257
165.650,0.003,-0.005,0.000
165.700,-0.004,-0.016,0.191
165.750,-0.007,-0.013,0.000
165.800,-0.004,0.003,0.341
165.849,-0.000,-0.003,0.000
165.900,0.000,0.004,0.252
165.950,0.008,0.011,0.000
166.000,0.008,-0.010,0.248
166.050,0.007,-0.020,0.000
166.100,0.002,-0.017,0.220
166.150,-0.003,-0.005,0.000
166.200,-0.008,-0.021,0.299
166.250,-0.008,-0.019,0.000
166.299,-0.005,-0.013,0.249
166.350,-0.005,-0.004,0.000
166.405,-0.006,-0.009,0.225
166.449,-0.015,-0.010,0.000
166.500,-0.018,-0.045,0.224
166.549,-0.019,-0.014,0.000
166.600,-0.017,-0.040,0.047
166.650,-0.025,-0.039,0.000
166.699,-0.028,-0.066,0.206
166.750,-0.027,-0.064,0.000
166.799,-0.015,0.015,0.235
166.850,-0.018,-0.022,0.000
166.899,-0.029,-0.089,0.258
166.950,-0.024,-0.057,0.000
167.000,-0.020,-0.043,0.229
167.050,-0.028,-0.089,0.000
167.100,-0.033,-0.089,0.169
167.149,-0.036,-0.055,0.000
167.199,-0.038,-0.047,0.107
167.249,-0.029,-0.055,0.000
167.300,-0.019,-0.029,0.212
167.350,-0.024,-0.055,0.000
167.399,-0.026,-0.058,0.199
167.449,-0.030,-0.041,0.000
167.500,-0.028,-0.034,0.143
167.550,-0.029,-0.050,0.000
167.599,-0.027,-0.071,0.100
167.650,-0.027,-0.073,0.000
167.700,-0.025,-0.067,0.063
167.750,-0.028,-0.062,0.000
167.799,-0.022,-0.060,0.060
167.849,-0.016,-0.035,0.000
167.900,-0.018,-0.050,0.096
167.950,-0.023,-0.071,0.000
168.000,-0.019,-0.054,0.067
168.050,-0.022,-0.039,0.000
168.100,-0.017,-0.025,0.139
168.150,-0.022,-0.043,0.000
168.200,-0.021,-0.053,0.125
168.250,-0.022,-0.056,0.000
168.300,-0.018,-0.041,0.246
168.350,-0.022,-0.040,0.000
168.400,-0.016,-0.038,0.215
168.452,-0.013,-0.027,0.000
168.499,-0.015,-0.015,0.409
168.550,-0.015,-0.013,0.000
168.600,-0.014,-0.025,0.275
168.650,-0.016,-0.036,0.000
168.700,-0.017,-0.040,0.178
168.749,-0.015,-0.018,0.000
168.800,-0.009,-0.005,0.098
168.851,-0.012,-0.019,0.000
168.901,-0.012,-0.021,0.020
168.950,-0.007,-0.008,0.000
169.002,-0.004,-0.004,0.077
169.050,0.001,-0.002,0.000
169.102,0.000,0.001,0.043
169.150,-0.003,-0.003,0.000
169.200,0.001,-0.002,0.148
169.250,0.002,-0.015,0.000
169.300,0.001,-0.000,0.112
169.350,0.001,0.009,0.000
169.400,-0.007,-0.008,0.046
169.449,-0.004,0.011,0.070
169.500,-0.007,-0.002,0.135
169.552,-0.007,-0.010,0.000
169.599,-0.007,-0.010,0.245
169.650,-0.010,-0.018,0.000
169.700,-0.009,-0.024,0.117
169.749,-0.006,-0.009,0.000
169.800,-0.006,0.003,0.121
169.850,-0.010,-0.018,0.000
169.899,-0.013,-0.019,0.262
169.950,-0.003,-0.001,0.000
169.999,0.006,-0.019,0.290
170.049,0.005,-0.023,0.000
170.100,-0.004,-0.011,0.242
170.150,-0.007,-0.006,0.000
170.200,-0.011,-0.037,0.437
170.249,-0.006,-0.020,0.000
170.299,-0.002,-0.005,0.438
170.350,0.004,-0.012,0.000
170.400,0.006,-0.018,0.318
170.449,0.016,-0.025,0.000
170.500,0.020,-0.017,0.192
170.550,0.017,-0.021,0.000
170.601,0.016,-0.019,0.188
170.649,0.015,-0.022,0.000
170.699,0.023,-0.008,0.170
170.750,0.025,0.001,0.000
170.800,0.028,0.013,0.147
170.850,0.029,0.014,0.000
170.899,0.036,0.013,0.152
170.950,0.037,0.003,0.000
170.999,0.034,-0.006,0.065
171.050,0.035,-0.003,0.000
171.099,0.030,-0.010,0.309
171.150,0.026,-0.026,0.000
171.199,0.030,-0.032,0.201
171.250,0.032,-0.054,0.000
171.299,0.020,-0.063,0.298
171.350,0.018,-0.067,0.000
171.399,0.020,-0.074,0.179
171.450,0.026,-0.077,0.000
171.500,0.021,-0.091,0.173
171.550,0.018,-0.077,0.000
171.600,0.017,-0.071,0.183
171.650,0.017,-0.065,0.000
171.700,0.011,-0.037,0.355
171.750,0.015,-0.027,0.000
171.800,0.018,-0.027,0.337
171.850,0.026,-0.036,0.000
171.900,0.035,-0.032,0.255
171.949,0.036,-0.022,0.000
171.999,0.033,-0.015,0.073
172.050,0.029,-0.006,0.000
172.100,0.023,0.014,0.206
172.150,0.024,0.024,0.000
172.200,0.028,0.047,0.137
172.250,0.033,0.047,0.000
172.299,0.026,0.037,0.130
172.350,0.022,0.034,0.000
172.400,0.024,0.025,0.251
172.449,0.032,0.013,0.000
172.500,0.036,0.010,0.206
172.549,0.035,-0.003,0.000
172.600,0.030,0.007,0.135
172.650,0.033,-0.000,0.000
172.729,0.031,0.008,0.101
172.750,0.031,-0.001,0.000
172.800,0.027,-0.002,0.129
172.850,0.023,-0.013,0.000
172.900,0.020,-0.020,0.287
172.950,0.020,-0.027,0.000
173.000,0.020,-0.027,0.271
173.050,0.021,-0.049,0.000
173.102,0.022,-0.050,0.226
173.149,0.024,-0.060,0.000
173.200,0.022,-0.081,0.456
173.251,0.014,-0.067,0.000
173.300,0.005,-0.019,0.381
173.349,0.003,-0.007,0.000
173.400,-0.001,-0.003,0.297
173.452,-0.002,-0.001,0.000
173.504,-0.004,0.011,0.338
173.550,-0.000,-0.004,0.000
173.600,0.003,-0.012,0.523
173.650,0.005,-0.020,0.000
173.700,0.001,-0.011,0.335
173.750,-0.004,-0.014,0.000
173.800,-0.004,0.012,0.307
173.850,0.005,-0.007,0.000
173.900,0.001,-0.004,0.576
173.950,-0.006,-0.012,0.000
174.000,-0.011,-0.022,0.589
174.049,-0.025,-0.012,0.000
174.100,-0.023,0.003,0.509
174.150,-0.019,-0.026,0.000
174.200,-0.017,-0.044,0.295
174.250,-0.017,-0.050,0.000
174.299,-0.017,-0.035,0.138
174.350,-0.020,-0.072,0.000
174.400,-0.020,-0.068,0.160
174.450,-0.013,-0.022,0.000
174.500,-0.011,-0.007,0.221
174.550,-0.012,-0.014,0.000
174.599,-0.027,-0.067,0.414
174.649,-0.030,-0.092,0.000
174.699,-0.023,-0.089,0.254
174.749,-0.021,-0.076,0.000
174.799,-0.019,-0.071,0.150
174.849,-0.019,-0.062,0.000
174.900,-0.013,0.001,0.320
174.949,-0.013,-0.048,0.000
175.005,-0.017,-0.053,0.121
175.050,-0.019,-0.010,0.000
175.101,-0.026,-0.055,0.110
175.150,-0.027,-0.088,0.000
175.199,-0.024,-0.060,0.251
175.249,-0.022,-0.063,0.000
175.300,-0.024,-0.063,0.181
175.350,-0.023,-0.048,0.000
175.400,-0.022,-0.052,0.180
175.450,-0.028,-0.055,0.000
175.500,-0.023,-0.067,0.179
175.550,-0.030,-0.065,0.000
175.600,-0.029,-0.065,0.290
175.650,-0.022,-0.057,0.000
175.700,-0.021,-0.053,0.274
175.750,-0.019,-0.056,0.000
175.800,-0.020,-0.057,0.239
175.850,-0.019,-0.057,0.000
175.900,-0.025,-0.055,0.186
175.950,-0.024,-0.024,0.000
175.999,-0.019,-0.049,0.095
176.050,-0.014,-0.038,0.000
176.100,-0.004,0.000,0.056
176.151,-0.007,-0.007,0.000
176.200,-0.013,-0.020,0.172
176.253,-0.014,-0.035,0.000
176.300,-0.007,0.001,0.126
176.350,-0.004,-0.017,0.000
176.399,-0.001,-0.001,0.069
176.450,-0.007,-0.016,0.000
176.500,-0.003,0.019,0.123
176.550,-0.016,-0.052,0.000
176.600,-0.013,0.002,0.235
176.650,-0.009,-0.017,0.000
176.700,-0.007,-0.011,0.243
176.761,-0.007,-0.021,0.000
176.800,-0.007,-0.003,0.375
176.850,-0.006,-0.020,0.000
176.899,-0.008,-0.009,0.243
176.952,-0.010,-0.016,0.000
177.002,-0.012,-0.021,0.182
177.050,-0.010,0.001,0.000
177.101,-0.006,-0.010,0.139
177.150,-0.001,-0.009,0.000
177.200,0.003,-0.010,0.130
177.250,0.012,-0.034,0.000
177.301,0.006,-0.020,0.194
177.349,0.006,-0.014,0.000
177.400,0.007,-0.014,0.211
177.450,0.004,-0.004,0.000
177.500,0.012,-0.037,0.323
177.550,0.016,-0.042,0.000
177.600,0.013,-0.032,0.265
177.649,0.016,-0.036,0.000
177.700,0.019,-0.033,0.261
177.750,0.019,-0.043,0.000
177.800,0.013,-0.049,0.278
177.850,0.011,-0.058,0.000
177.900,0.015,-0.053,0.425
177.951,0.020,-0.059,0.000
178.000,0.011,-0.047,0.045
178.050,0.011,-0.047,0.207
178.102,0.016,-0.058,0.463
178.153,0.021,-0.079,0.000
178.200,0.021,-0.082,0.344
178.250,0.020,-0.077,0.000
178.300,0.025,-0.066,0.307
178.350,0.021,-0.051,0.000
178.401,0.020,-0.045,0.200
178.450,0.019,-0.048,0.000
178.503,0.021,-0.054,0.021
178.550,0.018,-0.058,0.000
178.601,0.018,-0.064,0.048
178.650,0.014,-0.050,0.000
178.701,0.012,-0.029,0.104
178.750,0.015,-0.026,0.000
178.800,0.020,-0.039,0.210
178.850,0.020,-0.046,0.000
178.900,0.026,-0.059,0.172
178.950,0.025,-0.044,0.000
179.002,0.024,-0.054,0.096
179.050,0.021,-0.051,0.000
179.100,0.013,-0.041,0.068
179.149,0.009,-0.027,0.000
179.200,0.011,-0.046,0.123
179.250,0.012,-0.038,0.000
179.300,0.007,-0.027,0.115
179.350,0.004,-0.012,0.000
179.400,0.005,-0.018,0.154
179.450,0.007,-0.017,0.000
179.500,0.003,-0.012,0.173
179.550,0.004,-0.017,0.000
179.601,0.003,-0.006,0.332
179.650,0.003,-0.016,0.000
179.700,0.008,-0.025,0.107
179.750,0.015,-0.052,0.000
179.802,0.015,-0.052,0.155
179.850,0.015,-0.062,0.086
179.901,0.012,-0.057,0.295
179.952,0.007,-0.035,0.000
180.004,0.005,-0.021,0.133
180.050,0.003,-0.013,0.000
180.100,0.004,-0.019,0.144
180.150,0.003,-0.015,0.000
180.201,0.008,-0.020,0.083
180.250,0.002,-0.008,0.000
180.300,0.006,-0.021,0.170
180.350,0.004,-0.012,0.000
180.400,0.005,-0.018,0.140
180.450,0.003,-0.010,0.000
180.500,0.003,-0.011,0.136
180.550,0.006,-0.010,0.000
180.600,0.004,-0.003,0.154
180.650,0.003,0.004,0.000
180.700,0.002,0.004,0.231
180.750,0.003,0.006,0.000
180.800,0.003,-0.002,0.151
180.850,-0.000,0.002,0.000
180.900,0.000,0.001,0.592
180.951,-0.005,0.004,0.000
181.001,-0.008,0.004,0.508
181.052,-0.011,-0.013,0.000
181.100,-0.010,-0.022,0.348
181.150,-0.017,-0.036,0.000
181.201,-0.017,-0.037,0.318
181.250,-0.012,-0.025,0.000
181.300,-0.013,-0.018,0.335
181.350,-0.016,-0.030,0.000
181.402,-0.016,-0.046,0.174
181.450,-0.015,-0.030,0.000
181.500,-0.012,-0.018,0.336
181.550,-0.016,-0.024,0.000
181.600,-0.017,-0.050,0.287
181.650,-0.014,-0.037,0.000
181.704,-0.016,-0.048,0.264
181.752,-0.021,-0.062,0.000
181.801,-0.021,-0.074,0.219
181.850,-0.021,-0.027,0.000
181.900,-0.024,-0.047,0.083
181.950,-0.019,-0.026,0.000
182.000,-0.014,-0.033,0.095
182.050,-0.014,-0.011,0.000
182.101,-0.016,-0.032,0.242
182.150,-0.017,-0.037,0.000
182.200,-0.022,-0.041,0.160
182.250,-0.018,-0.053,0.000
182.300,-0.021,-0.034,0.135
182.350,-0.023,-0.039,0.000
182.400,-0.019,-0.047,0.077
182.450,-0.017,-0.066,0.000
182.500,-0.019,-0.029,0.012
182.550,-0.019,-0.048,0.000
182.600,-0.020,-0.047,0.143
182.650,-0.021,-0.060,0.000
